song_name,total_streams,daily_streams,album_name,album_id,release_date,track_number,id,explicit,uri,acousticness,danceability,energy,instrumentalness,liveness,loudness,speechiness,tempo,valence,popularity,duration_ms,energy_y,danceability_y,loudness_y,speechiness_y,tempo_y,valence_y,duration_ms_y
Cruel Summer,1828886612,4911187,Lover,1NAmidJlEaVgA3MpcPFYGq,23/08/2019,2,1BxfuPKGuaTgP7aM0Bbdwr,FALSE,spotify:track:1BxfuPKGuaTgP7aM0Bbdwr,0.117,0.552,0.702,2.06E-05,0.105,-5.707,0.157,169.994,0.564,99,178426,0.701923077,0.472477064,0.762965737,0.150635617,0.723592362,0.581492933,0.179648642
Blank Space,1739297862,1159752,1989,5e234f2rg34gQ34gergerhrh,27/10/2014,2,1p80LdxRV74UKvL8gnD7ky,FALSE,spotify:track:1p80LdxRV74UKvL8gnD7ky,0.085,0.753,0.678,1.64E-06,0.13,-5.421,0.0644,96.006,0.583,77,231826,0.673076923,0.779816514,0.780815078,0.046461919,0.19818777,0.602473498,0.280446531
I Don't Wanna Live Forever (Fifty Shades Darker),1590733798,1009697,Reputation,6DEjYFkNZh67HP7R9PSZvv,9/11/2017,10,55n9yjI6qqXh5F2mYvUc2y,FALSE,spotify:track:55n9yjI6qqXh5F2mYvUc2y,0.0586,0.731,0.445,1.96E-05,0.14,-8.418,0.0533,117.97,0.106,86,247160,0.393028846,0.74617737,0.593771454,0.033974575,0.354158826,0.075750883,0.309391003
Anti-Hero,1434703042,1929170,Midnights,1fnJ7k0bllNfL1kVdNVW1A,21/10/2022,3,0V3wPSX9ygBnCm8psDIegu,FALSE,spotify:track:0V3wPSX9ygBnCm8psDIegu,0.13,0.637,0.643,1.80E-06,0.142,-6.571,0.0519,97.008,0.533,92,200690,0.631009615,0.602446483,0.70904325,0.032399595,0.205303186,0.547261484,0.221674189
Shake It Off,1337860310,815912,1989,5e234f2rg34gQ34gergerhrh,27/10/2014,6,5xTtaWoae3wi06K5WfVUUH,FALSE,spotify:track:5xTtaWoae3wi06K5WfVUUH,0.0561,0.647,0.785,0,0.148,-5.414,0.165,160.015,0.943,76,219200,0.801682692,0.617737003,0.78125195,0.159635505,0.652729351,1,0.256613682
Lover,1271599927,2043595,Lover,1NAmidJlEaVgA3MpcPFYGq,23/08/2019,3,1dGr1c8CrMLDpV6mPbImSI,FALSE,spotify:track:1dGr1c8CrMLDpV6mPbImSI,0.492,0.359,0.543,1.58E-05,0.118,-7.582,0.0919,68.534,0.453,93,221306,0.510817308,0.177370031,0.645946452,0.077399033,0.00310323,0.458922261,0.260588969
cardigan,1180302673,1731890,folklore,1pzvBxYgT6OVwJLtHkrdQK,24/07/2020,2,4R2kfaDFhslZEMJqAFNpdd,FALSE,spotify:track:4R2kfaDFhslZEMJqAFNpdd,0.537,0.613,0.581,0.000345,0.25,-8.588,0.0424,130.033,0.551,91,239560,0.556490385,0.565749235,0.583161705,0.021712229,0.439820765,0.567137809,0.295045236
Style,1148799514,835944,1989,5e234f2rg34gQ34gergerhrh,27/10/2014,3,4lIxdJw6W3Fg4vUIYCB0S5,FALSE,spotify:track:4lIxdJw6W3Fg4vUIYCB0S5,0.00253,0.598,0.786,0.0016,0.117,-5.572,0.0383,95.019,0.456,76,231000,0.802884615,0.542813456,0.771391125,0.017099786,0.191178872,0.462234982,0.278887373
Look What You Made Me Do,1089355976,886397,reputation,6DEjYFkNZh67HP7R9PSZvv,10/11/2017,6,1P17dC1amhFzptugyAO7Il,FALSE,spotify:track:1P17dC1amhFzptugyAO7Il,0.204,0.766,0.709,1.41E-05,0.126,-6.471,0.123,128.07,0.506,88,211853,0.710336538,0.79969419,0.715284279,0.112386095,0.425881083,0.517446996,0.242745478
Don't Blame Me,1014723836,1482716,reputation,6DEjYFkNZh67HP7R9PSZvv,10/11/2017,4,1R0a2iXumgCiFb7HEZ7gUE,FALSE,spotify:track:1R0a2iXumgCiFb7HEZ7gUE,0.106,0.615,0.534,1.76E-05,0.0607,-6.719,0.0386,135.917,0.193,91,236413,0.5,0.568807339,0.699806528,0.017437282,0.481604306,0.171819788,0.289104956
august,986969655,1427909,folklore,1pzvBxYgT6OVwJLtHkrdQK,24/07/2020,8,3hUxzQpSfdDqwM3ZTFQY0K,FALSE,spotify:track:3hUxzQpSfdDqwM3ZTFQY0K,0.538,0.532,0.623,7.28E-05,0.0925,-9.208,0.0331,89.937,0.403,90,261922,0.606971154,0.441896024,0.544467328,0.011249859,0.155090505,0.403710247,0.337255768
Delicate,927893346,852693,reputation,6DEjYFkNZh67HP7R9PSZvv,10/11/2017,5,6NFyWDv5CjfwuzoCkw47Xf,FALSE,spotify:track:6NFyWDv5CjfwuzoCkw47Xf,0.216,0.75,0.404,0.000357,0.0911,-10.178,0.0682,95.045,0.0499,87,232253,0.34375,0.775229358,0.483929352,0.050736866,0.191363504,0.013803004,0.281252536
Wildest Dreams,924429804,471871,1989,5e234f2rg34gQ34gergerhrh,27/10/2014,9,59HjlYCeBsxdI0fcm3zglw,FALSE,spotify:track:59HjlYCeBsxdI0fcm3zglw,0.0702,0.554,0.666,0.00593,0.106,-7.414,0.0747,140.056,0.472,72,220440,0.658653846,0.475535168,0.65643138,0.058049274,0.510996229,0.479902827,0.258954307
You Need To Calm Down,880597266,735932,Lover,1NAmidJlEaVgA3MpcPFYGq,23/08/2019,14,6RRNNciQGZEXnqk8SQ9yv5,FALSE,spotify:track:6RRNNciQGZEXnqk8SQ9yv5,0.00929,0.771,0.671,0,0.0637,-5.617,0.0553,85.026,0.714,86,171360,0.664663462,0.80733945,0.768582662,0.036224547,0.120216445,0.747128975,0.166310854
Love Story,852201244,476812,Fearless,5eyZZoQEFQ34gergerhrh,11/11/2008,3,1vrd6UOGamcKNGnSHJQlSt,FALSE,spotify:track:1vrd6UOGamcKNGnSHJQlSt,0.17,0.618,0.741,0,0.0822,-3.95,0.031,118.984,0.296,70,235266,0.748798077,0.573394495,0.872620608,0.008887389,0.361359456,0.285556537,0.286939878
ME! (feat. Brendon Urie of Panic! At The Disco),831259199,360473,Lover,1NAmidJlEaVgA3MpcPFYGq,23/08/2019,16,2Rk4JlNc2TPmZe2af99d45,FALSE,spotify:track:2Rk4JlNc2TPmZe2af99d45,0.033,0.61,0.83,0,0.118,-4.105,0.0571,182.162,0.728,81,193000,0.855769231,0.56116208,0.862947014,0.038249522,0.809999929,0.762588339,0.207158538
I Knew You Were Trouble.,797373818,496729,Red,523543fewrgQEFQ34gergerhrh,22/10/2012,4,72jCZdH0Lhg93z6Z4hBjgj,FALSE,spotify:track:72jCZdH0Lhg93z6Z4hBjgj,0.00454,0.622,0.469,2.25E-06,0.0398,-6.798,0.0363,77.019,0.679,63,217973,0.421875,0.579510703,0.694876116,0.014849814,0.063357028,0.708480565,0.254297595
willow,784742710,892433,evermore,6AORtDjduMM3bupSWzbTSG,11/12/2020,1,0lx2cLdOt3piJbcaXIV74f,FALSE,spotify:track:0lx2cLdOt3piJbcaXIV74f,0.833,0.392,0.574,0.00179,0.145,-9.195,0.17,81.112,0.529,84,214706,0.548076923,0.227828746,0.545278662,0.165260434,0.092422295,0.542844523,0.248130803
All Too Well (10 Minute Version) (Taylor's Version) (From The Vault),780197215,912387,Red (Taylor's Version),6kZ42qRrzov54LcAk4onW9,12/11/2021,30,5enxwA8aAbwZbf5qCHORXi,FALSE,spotify:track:5enxwA8aAbwZbf5qCHORXi,0.274,0.631,0.518,0,0.088,-8.771,0.0303,93.023,0.205,87,613026,0.480769231,0.593272171,0.571740623,0.008099899,0.17700485,0.185070671,1
Enchanted,768693446,518336,Speak Now,34htrbhergrgerhrh,25/10/2010,9,10eBRyImhfqVvkiVEGf0N0,FALSE,spotify:track:10eBRyImhfqVvkiVEGf0N0,0.0739,0.455,0.623,0.000424,0.146,-3.878,0.0288,163.893,0.208,70,352186,0.606971154,0.324159021,0.877114148,0.00641242,0.680267858,0.188383392,0.507638177
exile (feat. Bon Iver),709452277,704084,folklore,1pzvBxYgT6OVwJLtHkrdQK,24/07/2020,4,4pvb0WLRcMtbPGmtejJJ6y,FALSE,spotify:track:4pvb0WLRcMtbPGmtejJJ6y,0.778,0.298,0.38,5.62E-05,0.11,-8.426,0.0287,75.602,0.152,83,285634,0.314903846,0.084097859,0.593272171,0.006299921,0.053294608,0.126545936,0.382014561
The Man,697716626,865822,Lover,1NAmidJlEaVgA3MpcPFYGq,23/08/2019,4,3RauEVgRgj1IuWdJ9fDs70,FALSE,spotify:track:3RauEVgRgj1IuWdJ9fDs70,0.0767,0.777,0.658,0,0.0901,-5.191,0.054,110.048,0.633,87,190360,0.649038462,0.816513761,0.795169444,0.034762065,0.297903012,0.657685512,0.202175271
Karma,697247526,1212950,Midnights,1fnJ7k0bllNfL1kVdNVW1A,21/10/2022,11,7KokYm8cMIXCsGVmUvKtqf,TRUE,spotify:track:7KokYm8cMIXCsGVmUvKtqf,0.0734,0.642,0.62,0,0.483,-7.091,0.0666,90.02,0.0969,88,204852,0.603365385,0.610091743,0.676589902,0.048936888,0.155679906,0.065702297,0.229530384
Love Story (Taylor's Version),673735589,1172624,Fearless (Taylor's Version),4hDok0OAJd57SGIT8xuWJH,9/04/2021,3,6YvqWjhGD8mB5QXcbcUKtx,FALSE,spotify:track:6YvqWjhGD8mB5QXcbcUKtx,0.13,0.627,0.792,3.97E-06,0.0845,-4.311,0.031,119.054,0.415,82,235766,0.810096154,0.587155963,0.850090495,0.008887389,0.361856541,0.416961131,0.287883678
...Ready For It?,665213062,887459,reputation,6DEjYFkNZh67HP7R9PSZvv,10/11/2017,1,2yLa0QULdQr0qAIvVwN6B5,FALSE,spotify:track:2yLa0QULdQr0qAIvVwN6B5,0.0527,0.613,0.764,0,0.197,-6.509,0.136,160.015,0.417,87,208186,0.776442308,0.565749235,0.712912688,0.127010912,0.652729351,0.419169611,0.235823645
Lavender Haze,663137866,676245,Midnights,1fnJ7k0bllNfL1kVdNVW1A,21/10/2022,1,5jQI2r1RdgtuT8S3iG8zFC,TRUE,spotify:track:5jQI2r1RdgtuT8S3iG8zFC,0.258,0.733,0.436,0.000573,0.157,-10.489,0.08,96.985,0.0976,84,202395,0.382211538,0.749235474,0.464519753,0.0640117,0.205139858,0.066475265,0.224892548
Wildest Dreams (Taylor's Version),663084118,948865,1989 (Taylor's Version),1o59UpKw81iHR0HPiSkJR0,26/10/2023,9,1K39ty6o1sHwwlZwO6a7wK,FALSE,spotify:track:1K39ty6o1sHwwlZwO6a7wK,0.0411,0.581,0.672,9.35E-05,0.118,-7.415,0.0739,140.061,0.514,83,220433,0.665865385,0.516819572,0.65636897,0.057149286,0.511031735,0.526280919,0.258941094
We Are Never Ever Getting Back Together,647967993,242905,Red,523543fewrgQEFQ34gergerhrh,22/10/2012,8,7AEAGTc8cReDqcbPoY9gwo,FALSE,spotify:track:7AEAGTc8cReDqcbPoY9gwo,0.00957,0.628,0.676,2.65E-05,0.102,-5.911,0.0916,85.984,0.75,61,191880,0.670673077,0.588685015,0.750234039,0.077061537,0.127019408,0.786881625,0.205044425
You Belong With Me,616693427,305223,Fearless,5eyZZoQEFQ34gergerhrh,11/11/2008,6,3GCL1PydwsLodcpv0Ll1ch,FALSE,spotify:track:3GCL1PydwsLodcpv0Ll1ch,0.162,0.687,0.783,1.35E-05,0.114,-4.44,0.0386,129.964,0.443,70,231133,0.799278846,0.678899083,0.842039568,0.017437282,0.439330782,0.447879859,0.279138423
Getaway Car,612707445,834142,reputation,6DEjYFkNZh67HP7R9PSZvv,10/11/2017,9,0VE4kBnHJUgtMf0dy6DRmW,FALSE,spotify:track:0VE4kBnHJUgtMf0dy6DRmW,0.00465,0.562,0.689,2.23E-06,0.0888,-6.745,0.127,172.054,0.351,87,233626,0.686298077,0.487767584,0.698183861,0.116886039,0.738220862,0.346289753,0.283844213
Midnight Rain,607931087,740410,Midnights,1fnJ7k0bllNfL1kVdNVW1A,21/10/2022,6,3rWDp9tBPQR9z6U5YyRSK4,FALSE,spotify:track:3rWDp9tBPQR9z6U5YyRSK4,0.69,0.643,0.363,5.17E-05,0.115,-11.738,0.0767,139.865,0.23,84,174782,0.294471154,0.611620795,0.386569307,0.060299246,0.509639897,0.212676678,0.172770224
Paper Rings,603222858,621970,Lover,1NAmidJlEaVgA3MpcPFYGq,23/08/2019,8,4y5bvROuBDPr5fuwXbIBZR,FALSE,spotify:track:4y5bvROuBDPr5fuwXbIBZR,0.0129,0.811,0.719,1.36E-05,0.0742,-6.553,0.0497,103.979,0.865,85,222400,0.722355769,0.868501529,0.710166635,0.029924626,0.254805746,0.913869258,0.262654005
You Belong With Me (Taylor's Version),582383786,1089416,Fearless (Taylor's Version),4hDok0OAJd57SGIT8xuWJH,9/04/2021,6,1qrpoAMXodY6895hGKoUpA,FALSE,spotify:track:1qrpoAMXodY6895hGKoUpA,0.0623,0.632,0.773,0,0.0885,-4.856,0.0346,130.033,0.474,86,231124,0.787259615,0.594801223,0.816076889,0.012937338,0.439820765,0.482111307,0.279121435
Bad Blood,575966694,318542,1989,5e234f2rg34gQ34gergerhrh,27/10/2014,8,273dCMFseLcVsoSWx59IoE,FALSE,spotify:track:273dCMFseLcVsoSWx59IoE,0.0871,0.65,0.802,6.54E-06,0.148,-6.114,0.181,170.146,0.295,69,211933,0.822115385,0.622324159,0.737564751,0.17763528,0.724671746,0.284452297,0.242896486
champagne problems,566120866,684584,evermore,6AORtDjduMM3bupSWzbTSG,11/12/2020,2,0sY6ZUTh4yoctD8VIXz339,TRUE,spotify:track:0sY6ZUTh4yoctD8VIXz339,0.92,0.462,0.24,0,0.113,-12.077,0.0377,171.319,0.32,83,244000,0.146634615,0.334862385,0.36541222,0.016424795,0.73300147,0.312058304,0.303426184
Gorgeous,563424125,462336,reputation,6DEjYFkNZh67HP7R9PSZvv,10/11/2017,8,1ZY1PqizIl78geGM4xWlEA,FALSE,spotify:track:1ZY1PqizIl78geGM4xWlEA,0.0713,0.8,0.535,9.48E-06,0.213,-6.684,0.135,92.027,0.451,83,209680,0.501201923,0.851681957,0.701990888,0.125885926,0.169932041,0.456713781,0.238643721
the 1,532978778,614306,folklore,1pzvBxYgT6OVwJLtHkrdQK,24/07/2020,1,0Jlcvv8IykzHaSmj49uNW8,TRUE,spotify:track:0Jlcvv8IykzHaSmj49uNW8,0.757,0.777,0.357,7.28E-06,0.108,-6.942,0.0522,139.883,0.172,82,210251,0.287259615,0.816513761,0.685889035,0.032737091,0.509767719,0.148630742,0.239721541
"You're On Your Own, Kid",530146400,827580,Midnights,1fnJ7k0bllNfL1kVdNVW1A,21/10/2022,5,4D7BCuvgdJlYvlX5WlN54t,FALSE,spotify:track:4D7BCuvgdJlYvlX5WlN54t,0.401,0.696,0.396,5.20E-06,0.125,-10.289,0.0656,120.041,0.38,85,194206,0.334134615,0.69266055,0.47700181,0.047811902,0.368865439,0.378312721,0.209434984
Bejeweled,487125075,730934,Midnights,1fnJ7k0bllNfL1kVdNVW1A,21/10/2022,9,3qoftcUZaUOncvIYjFSPdE,FALSE,spotify:track:3qoftcUZaUOncvIYjFSPdE,0.0618,0.696,0.559,5.58E-05,0.0887,-9.19,0.0693,163.999,0.433,84,194165,0.530048077,0.69266055,0.545590713,0.05197435,0.681020586,0.436837456,0.209357593
End Game,472922014,367583,reputation,6DEjYFkNZh67HP7R9PSZvv,10/11/2017,2,2x0WlnmfG39ZuDmstl9xfX,FALSE,spotify:track:2x0WlnmfG39ZuDmstl9xfX,0.00845,0.649,0.589,0,0.108,-6.237,0.0558,159.073,0.151,82,244826,0.566105769,0.620795107,0.729888286,0.03678704,0.646040008,0.125441696,0.304985343
my tears ricochet,436873682,597892,folklore,1pzvBxYgT6OVwJLtHkrdQK,24/07/2020,5,1MgV7FIyNxIG7WzMRJV5HC,FALSE,spotify:track:1MgV7FIyNxIG7WzMRJV5HC,0.806,0.456,0.263,0,0.0749,-10.63,0.0332,129.86,0.111,82,255893,0.174278846,0.325688073,0.455719903,0.011362358,0.438592255,0.081272085,0.325875422
Maroon,427378411,427387,Midnights,1fnJ7k0bllNfL1kVdNVW1A,21/10/2022,2,3eX0NZfLtGzoLUxPNvRfqm,TRUE,spotify:track:3eX0NZfLtGzoLUxPNvRfqm,0.0573,0.637,0.398,1.03E-06,0.101,-8.294,0.0564,108.075,0.0374,79,218270,0.336538462,0.602446483,0.601510329,0.037462032,0.283892317,0,0.254858213
I Did Something Bad,414297367,407872,reputation,6DEjYFkNZh67HP7R9PSZvv,10/11/2017,3,4svZDCRz4cJoneBpjpx8DJ,FALSE,spotify:track:4svZDCRz4cJoneBpjpx8DJ,0.0679,0.696,0.602,2.11E-05,0.0696,-6.156,0.159,82.989,0.305,82,238253,0.581730769,0.69266055,0.734943519,0.152885589,0.105751273,0.2954947,0.292578142
Snow On The Beach (feat. Lana Del Rey),408655018,295403,Midnights,1fnJ7k0bllNfL1kVdNVW1A,21/10/2022,4,1wtOxkiel43cVs0Yux5Q4h,TRUE,spotify:track:1wtOxkiel43cVs0Yux5Q4h,0.69,0.663,0.319,0.000993,0.117,-13.481,0.0375,109.957,0.193,77,256124,0.241586538,0.642201835,0.277788179,0.016199798,0.297256801,0.171819788,0.326311458
mirrorball,386362882,476260,folklore,1pzvBxYgT6OVwJLtHkrdQK,24/07/2020,6,0ZNU020wNYvgW84iljPkPP,FALSE,spotify:track:0ZNU020wNYvgW84iljPkPP,0.687,0.553,0.413,2.33E-06,0.0594,-10.037,0.0334,110.107,0.379,80,208977,0.354567308,0.474006116,0.492729202,0.011587355,0.298321983,0.377208481,0.237316738
The Way I Loved You (Taylor's Version),383442145,421266,Fearless (Taylor's Version),4hDok0OAJd57SGIT8xuWJH,9/04/2021,10,22bPsP2jCgbLUvh82U0Z3M,FALSE,spotify:track:22bPsP2jCgbLUvh82U0Z3M,0.0033,0.402,0.732,0,0.108,-4.665,0.0484,161.032,0.472,82,243136,0.737980769,0.243119266,0.827997254,0.028462144,0.659951286,0.479902827,0.301795297
Back To December,380312883,184155,Speak Now,34htrbhergrgerhrh,25/10/2010,3,3DrjZArsPsoqbLzUZZV1Id,FALSE,spotify:track:3DrjZArsPsoqbLzUZZV1Id,0.117,0.529,0.67,0,0.334,-4.663,0.0303,141.893,0.286,63,293026,0.663461538,0.437308869,0.828122075,0.008099899,0.524041159,0.274514134,0.395967707
22,377102967,159745,Red,523543fewrgQEFQ34gergerhrh,22/10/2012,6,2ULNeSomDxVNmdDy8VxEBU,FALSE,spotify:track:2ULNeSomDxVNmdDy8VxEBU,0.00215,0.658,0.729,0.0013,0.0752,-6.561,0.0378,104.007,0.668,53,230133,0.734375,0.634556575,0.709667353,0.016537293,0.25500458,0.696333922,0.277250823
Call It What You Want,376542614,404739,reputation,6DEjYFkNZh67HP7R9PSZvv,10/11/2017,14,1GwMQaZz6Au3QLDbjbMdme,FALSE,spotify:track:1GwMQaZz6Au3QLDbjbMdme,0.186,0.598,0.504,0.000221,0.34,-9.874,0.0731,163.954,0.252,81,203506,0.463942308,0.542813456,0.502902078,0.056249297,0.680701032,0.236969965,0.226989673
illicit affairs,366136480,723898,folklore,1pzvBxYgT6OVwJLtHkrdQK,24/07/2020,10,2NmsngXHeC1GQ9wWrzhOMf,FALSE,spotify:track:2NmsngXHeC1GQ9wWrzhOMf,0.881,0.559,0.31,0,0.106,-10.445,0.0338,119.845,0.46,83,190898,0.230769231,0.483180428,0.467265805,0.01203735,0.367473601,0.466651943,0.203190801
Vigilante Shit,364960734,456152,Midnights,1fnJ7k0bllNfL1kVdNVW1A,21/10/2022,8,1xwAWUI6Dj0WGC3KiUPN0O,TRUE,spotify:track:1xwAWUI6Dj0WGC3KiUPN0O,0.173,0.798,0.277,5.25E-05,0.121,-11.096,0.39,79.846,0.163,80,164801,0.191105769,0.848623853,0.42663671,0.412757341,0.083432159,0.13869258,0.153930079
The Archer,363061555,573875,Lover,1NAmidJlEaVgA3MpcPFYGq,23/08/2019,5,3pHkh7d0lzM2AldUtz2x37,FALSE,spotify:track:3pHkh7d0lzM2AldUtz2x37,0.12,0.292,0.574,0.00569,0.0663,-9.375,0.0401,124.344,0.166,84,211240,0.548076923,0.074923547,0.534044811,0.019124761,0.399421961,0.1420053,0.241588378
this is me trying,359914779,469406,folklore,1pzvBxYgT6OVwJLtHkrdQK,24/07/2020,9,7kt9e9LFSpN1zQtYEl19o1,FALSE,spotify:track:7kt9e9LFSpN1zQtYEl19o1,0.314,0.515,0.476,4.74E-05,0.171,-9.843,0.0328,135.886,0.412,80,195097,0.430288462,0.415902141,0.504836797,0.010912364,0.481384169,0.41364841,0.211116837
Afterglow,354618680,394428,Lover,1NAmidJlEaVgA3MpcPFYGq,23/08/2019,15,1SymEzIT3H8UZfibCs3TYi,FALSE,spotify:track:1SymEzIT3H8UZfibCs3TYi,0.13,0.756,0.449,0,0.114,-8.746,0.0344,111.011,0.399,81,223293,0.397836538,0.78440367,0.57330088,0.012712341,0.30474148,0.399293286,0.264339632
Daylight,348230288,653698,Lover,1NAmidJlEaVgA3MpcPFYGq,23/08/2019,18,1fzAuUVbzlhZ1lJAx9PtY6,FALSE,spotify:track:1fzAuUVbzlhZ1lJAx9PtY6,0.808,0.557,0.496,0.000173,0.0772,-9.602,0.0563,149.983,0.265,85,293453,0.454326923,0.480122324,0.519877676,0.037349533,0.581489977,0.251325088,0.396773713
Mr. Perfectly Fine (Taylor's Version) (From The Vault),347750646,330996,Fearless (Taylor's Version),4hDok0OAJd57SGIT8xuWJH,9/04/2021,22,2CYVETnhM9aytqrazYYwrK,FALSE,spotify:track:2CYVETnhM9aytqrazYYwrK,0.162,0.66,0.817,0,0.0667,-6.269,0.0521,135.942,0.714,77,277591,0.840144231,0.637614679,0.727891156,0.032624592,0.481781837,0.747128975,0.366832587
invisible string,337521653,422135,folklore,1pzvBxYgT6OVwJLtHkrdQK,24/07/2020,11,6VsvKPJ4xjVNKpI8VVZ3SV,FALSE,spotify:track:6VsvKPJ4xjVNKpI8VVZ3SV,0.838,0.653,0.452,7.73E-05,0.108,-11.143,0.055,83.433,0.45,80,252880,0.401442308,0.626911315,0.423703426,0.035887051,0.108904212,0.455609541,0.320188081
the last great american dynasty,337253895,396289,folklore,1pzvBxYgT6OVwJLtHkrdQK,24/07/2020,3,2Eeur20xVqfUoM3Q7EFPFt,TRUE,spotify:track:2Eeur20xVqfUoM3Q7EFPFt,0.467,0.686,0.662,0.0023,0.109,-8.505,0.0413,147.922,0.706,78,230999,0.653846154,0.677370031,0.588341759,0.020474744,0.566854375,0.738295053,0.278885485
Miss Americana & The Heartbreak Prince,335903562,606968,Lover,1NAmidJlEaVgA3MpcPFYGq,23/08/2019,7,214nt20w5wOxJnY462klLw,FALSE,spotify:track:214nt20w5wOxJnY462klLw,0.028,0.662,0.747,0.00615,0.138,-6.926,0.0736,150.088,0.487,84,234146,0.756009615,0.640672783,0.686887599,0.05681179,0.582235604,0.496466431,0.284825765
betty,326877029,379305,folklore,1pzvBxYgT6OVwJLtHkrdQK,24/07/2020,14,5kI4eCXXzyuIUXjQra0Cxi,TRUE,spotify:track:5kI4eCXXzyuIUXjQra0Cxi,0.6,0.593,0.377,0,0.0976,-8.761,0.0253,95.939,0.502,78,294521,0.311298077,0.535168196,0.572364726,0.002474969,0.197711989,0.513030035,0.39878967
I Forgot That You Existed,322314040,206544,Lover,1NAmidJlEaVgA3MpcPFYGq,23/08/2019,1,43rA71bccXFGD4C8GOpIlN,FALSE,spotify:track:43rA71bccXFGD4C8GOpIlN,0.298,0.664,0.316,2.03E-06,0.0812,-10.345,0.519,92.875,0.541,77,170640,0.237980769,0.643730887,0.473506834,0.557880526,0.175953871,0.556095406,0.164951781
Is It Over Now? (Taylor's Version) (From The Vault),322011997,1642019,1989 (Taylor's Version),1o59UpKw81iHR0HPiSkJR0,26/10/2023,21,1Iq8oo9XkmmvCQiGOfORiz,FALSE,spotify:track:1Iq8oo9XkmmvCQiGOfORiz,0.0504,0.596,0.658,0,0.127,-7.346,0.036,100.012,0.176,91,229477,0.649038462,0.539755352,0.660675279,0.014512319,0.226635232,0.153047703,0.276012556
Out Of The Woods,318286637,84383,1989,5e234f2rg34gQ34gergerhrh,27/10/2014,4,5OndtwLGA9O6XHFcGm2H7r,FALSE,spotify:track:5OndtwLGA9O6XHFcGm2H7r,0.00103,0.552,0.842,1.17E-05,0.337,-6.938,0.0373,91.991,0.343,62,235800,0.870192308,0.472477064,0.686138676,0.0159748,0.169676398,0.33745583,0.287947857
Our Song,316957187,322409,Taylor Swift,5eyZZoQEFQWRHkV2xgAeBw,24/10/2006,11,15DeqWWQB4dcEWzJg15VrN,FALSE,spotify:track:15DeqWWQB4dcEWzJg15VrN,0.111,0.668,0.672,0,0.329,-4.931,0.0303,89.011,0.539,76,201106,0.665865385,0.649847095,0.811396118,0.008099899,0.148514781,0.553886926,0.222459431
Mastermind,314717149,413267,Midnights,1fnJ7k0bllNfL1kVdNVW1A,21/10/2022,13,7FmYn9e7KHMXcxqGSj9LjH,FALSE,spotify:track:7FmYn9e7KHMXcxqGSj9LjH,0.553,0.662,0.357,0.00129,0.0837,-14.064,0.154,125.966,0.124,78,191039,0.287259615,0.640672783,0.241402983,0.147260659,0.41094013,0.095627208,0.203456952
I Knew You Were Trouble (Taylor's Version),312442924,557204,Red (Taylor's Version),6kZ42qRrzov54LcAk4onW9,12/11/2021,4,6AtZLIzUINvExIUy4QhdjP,FALSE,spotify:track:6AtZLIzUINvExIUy4QhdjP,0.0129,0.584,0.557,0,0.0576,-6.371,0.0342,154.008,0.767,81,219760,0.527644231,0.521406728,0.721525307,0.012487344,0.610072361,0.80565371,0.257670738
London Boy,307303411,309778,Lover,1NAmidJlEaVgA3MpcPFYGq,23/08/2019,11,1LLXZFeAHK9R4xUramtUKw,FALSE,spotify:track:1LLXZFeAHK9R4xUramtUKw,0.0246,0.695,0.71,0.000104,0.133,-6.639,0.05,157.925,0.557,80,190240,0.711538462,0.691131498,0.704799351,0.030262122,0.637887815,0.573763251,0.201948759
Cornelia Street,307114203,337259,Lover,1NAmidJlEaVgA3MpcPFYGq,23/08/2019,9,12M5uqx0ZuwkpLp5rJim1a,FALSE,spotify:track:12M5uqx0ZuwkpLp5rJim1a,0.781,0.824,0.624,0.000189,0.1,-9.728,0.0827,102.012,0.248,80,287266,0.608173077,0.888379205,0.51201398,0.067049162,0.240837659,0.232553004,0.385095126
right where you left me - bonus track,299796984,481806,evermore,6AORtDjduMM3bupSWzbTSG,7/01/2021,16,3zwMVvkBe2qIKDObWgXw4N,FALSE,spotify:track:3zwMVvkBe2qIKDObWgXw4N,0.769,0.581,0.619,0.000106,0.117,-6.524,0.0282,137.915,0.645,83,245026,0.602163462,0.516819572,0.711976534,0.005737428,0.495792531,0.670936396,0.305362863
Dress,297195344,448885,reputation,6DEjYFkNZh67HP7R9PSZvv,10/11/2017,12,6oVxXO5oQ4pTpO8RSnkzvv,FALSE,spotify:track:6oVxXO5oQ4pTpO8RSnkzvv,0.0329,0.719,0.469,0,0.169,-8.792,0.0533,120.085,0.0851,81,230373,0.421875,0.727828746,0.570430007,0.033974575,0.369177893,0.052672261,0.277703847
We Are Never Ever Getting Back Together (Taylor's Version),296659342,565056,Red (Taylor's Version),6kZ42qRrzov54LcAk4onW9,12/11/2021,8,5YqltLsjdqFtvqE7Nrysvs,FALSE,spotify:track:5YqltLsjdqFtvqE7Nrysvs,0.0317,0.567,0.686,1.86E-06,0.0732,-6.139,0.175,172.014,0.716,81,193146,0.682692308,0.495412844,0.736004494,0.170885364,0.737936813,0.749337456,0.207434127
seven,287995573,318623,folklore,1pzvBxYgT6OVwJLtHkrdQK,24/07/2020,7,6KJqZcs9XDgVck7Lg9QOTC,FALSE,spotify:track:6KJqZcs9XDgVck7Lg9QOTC,0.9,0.596,0.488,2.70E-05,0.091,-10.769,0.0274,94.926,0.415,77,208906,0.444711538,0.539755352,0.447044873,0.00483744,0.19051846,0.416961131,0.237182718
Question...?,282205214,234496,Midnights,1fnJ7k0bllNfL1kVdNVW1A,21/10/2022,7,0heeNYlwOGuUSe7TgUD27B,TRUE,spotify:track:0heeNYlwOGuUSe7TgUD27B,0.2,0.751,0.502,0,0.296,-8.763,0.167,108.943,0.106,74,210556,0.461538462,0.77675841,0.572239905,0.161885476,0.290056171,0.075750883,0.240297259
tolerate it,281199262,504060,evermore,6AORtDjduMM3bupSWzbTSG,11/12/2020,5,0PurA4JVJ8YQgSVopY8fn6,TRUE,spotify:track:0PurA4JVJ8YQgSVopY8fn6,0.878,0.316,0.361,2.67E-05,0.0797,-10.381,0.0488,74.952,0.221,80,245440,0.292067308,0.111620795,0.471260064,0.028912139,0.048678819,0.202738516,0.30614433
New Romantics,271802107,109577,1989,5e234f2rg34gQ34gergerhrh,27/10/2014,16,6rZVy6FIG7lSJQMFXHo12z,FALSE,spotify:track:6rZVy6FIG7lSJQMFXHo12z,0.00463,0.633,0.889,0.000458,0.0658,-5.87,0.0715,121.956,0.584,66,230466,0.926682692,0.596330275,0.75279286,0.054449319,0.382464263,0.603577739,0.277879394
gold rush,270414726,255083,evermore,6AORtDjduMM3bupSWzbTSG,11/12/2020,3,5BK0uqwY9DNfZ630STAEaq,TRUE,spotify:track:5BK0uqwY9DNfZ630STAEaq,0.83,0.512,0.462,0.166,0.121,-10.491,0.0408,112.05,0.353,74,185320,0.413461538,0.411314985,0.464394932,0.019912251,0.312119641,0.348498233,0.192661763
Death By A Thousand Cuts,269834141,245132,Lover,1NAmidJlEaVgA3MpcPFYGq,23/08/2019,10,2dgFqt3w9xIQRjhPtwNk3D,FALSE,spotify:track:2dgFqt3w9xIQRjhPtwNk3D,0.454,0.712,0.732,0,0.319,-6.754,0.0629,94.071,0.313,78,198533,0.737980769,0.717125382,0.697622168,0.04477444,0.184446922,0.304328622,0.217602634
Everything Has Changed,269332822,69484,Red,523543fewrgQEFQ34gergerhrh,22/10/2012,14,4NAmRvqSITAAzKWnC8yRq3,FALSE,spotify:track:4NAmRvqSITAAzKWnC8yRq3,0.36,0.624,0.458,3.89E-06,0.303,-6.755,0.0287,80.017,0.436,53,243933,0.408653846,0.582568807,0.697559758,0.006299921,0.084646466,0.440150177,0.303299715
Red (Taylor's Version),264399067,339047,Red (Taylor's Version),6kZ42qRrzov54LcAk4onW9,12/11/2021,2,4OAuvHryIVv4kMDNSLuPt6,FALSE,spotify:track:4OAuvHryIVv4kMDNSLuPt6,0.00108,0.516,0.777,1.62E-06,0.0761,-4.908,0.0375,125.047,0.408,80,223093,0.792067308,0.417431193,0.812831555,0.016199798,0.404414114,0.409231449,0.263962112
The Great War,259485955,292024,Midnights,1fnJ7k0bllNfL1kVdNVW1A,22/10/2022,14,3UMrglJeju5yWyYIW6o99b,FALSE,spotify:track:3UMrglJeju5yWyYIW6o99b,0.219,0.573,0.741,2.23E-05,0.0842,-8.987,0.0353,96.016,0.554,75,240355,0.748798077,0.504587156,0.558260001,0.013724828,0.198258782,0.57045053,0.296545879
"no body, no crime (feat. HAIM)",258531793,240911,evermore,6AORtDjduMM3bupSWzbTSG,11/12/2020,6,3RaT22zZsxVYxxKR7TAaYF,FALSE,spotify:track:3RaT22zZsxVYxxKR7TAaYF,0.418,0.546,0.613,0,0.103,-7.589,0.0264,79.015,0.535,72,215626,0.594951923,0.463302752,0.64550958,0.003712454,0.07753105,0.549469965,0.249867396
I Think He Knows,258053182,251715,Lover,1NAmidJlEaVgA3MpcPFYGq,23/08/2019,6,2YWtcWi3a83pdEg3Gif4Pd,FALSE,spotify:track:2YWtcWi3a83pdEg3Gif4Pd,0.00889,0.897,0.366,0.000353,0.0715,-8.029,0.0569,100.003,0.416,78,173386,0.298076923,1,0.618049054,0.038024525,0.226571321,0.418065371,0.170135133
Fearless (Taylor's Version),257202852,590124,Fearless (Taylor's Version),4hDok0OAJd57SGIT8xuWJH,9/04/2021,1,77sMIMlNaSURUAXq5coCxE,FALSE,spotify:track:77sMIMlNaSURUAXq5coCxE,0.0122,0.569,0.741,0,0.333,-4.963,0.0282,100.118,0.43,83,241591,0.748798077,0.498470948,0.809398989,0.005737428,0.227387961,0.433524735,0.298878954
Sweet Nothing,255806294,269182,Midnights,1fnJ7k0bllNfL1kVdNVW1A,21/10/2022,12,0wavGRldH0AWyu2zvTz8zb,FALSE,spotify:track:0wavGRldH0AWyu2zvTz8zb,0.964,0.337,0.156,7.72E-05,0.115,-14.919,0.0518,176.655,0.39,76,188496,0.045673077,0.143730887,0.188042189,0.032287096,0.770893546,0.389355124,0.198656783
Labyrinth,253817207,301244,Midnights,1fnJ7k0bllNfL1kVdNVW1A,21/10/2022,10,0A1JLUlkZkp2EFrosoNQi0,FALSE,spotify:track:0A1JLUlkZkp2EFrosoNQi0,0.785,0.406,0.306,0.488,0.122,-15.48,0.0517,110.014,0.122,77,247962,0.225961538,0.249235474,0.153030019,0.032174598,0.29766157,0.093418728,0.310904859
King Of My Heart,251285569,267263,reputation,6DEjYFkNZh67HP7R9PSZvv,10/11/2017,10,7HuBDWi18s4aJM8UFnNheH,FALSE,spotify:track:7HuBDWi18s4aJM8UFnNheH,0.00882,0.675,0.703,2.21E-06,0.0391,-7.902,0.0382,110.01,0.314,80,214320,0.703125,0.660550459,0.625975161,0.016987288,0.297633166,0.305432862,0.247402189
tis the damn season,250762063,321923,evermore,6AORtDjduMM3bupSWzbTSG,11/12/2020,4,7dW84mWkdWE5a6lFWxJCBG,FALSE,spotify:track:7dW84mWkdWE5a6lFWxJCBG,0.735,0.575,0.434,6.59E-05,0.105,-8.193,0.0312,145.916,0.348,76,229840,0.379807692,0.50764526,0.607813768,0.009112386,0.552609341,0.342977032,0.276697755
22 (Taylor's Version),249372919,499411,Red (Taylor's Version),6kZ42qRrzov54LcAk4onW9,12/11/2021,6,3yII7UwgLF6K5zW3xad3MP,FALSE,spotify:track:3yII7UwgLF6K5zW3xad3MP,0.000443,0.642,0.695,1.02E-05,0.0753,-5.62,0.0281,103.984,0.642,80,230960,0.693509615,0.610091743,0.768395432,0.00562493,0.254841252,0.667623675,0.278811868
Red,248887894,85352,Red,523543fewrgQEFQ34gergerhrh,22/10/2012,2,0cITLOYn1Sv4q27zZPqlNK,FALSE,spotify:track:0cITLOYn1Sv4q27zZPqlNK,0.0773,0.602,0.896,8.87E-05,0.091,-4.267,0.0437,124.978,0.641,59,220826,0.935096154,0.548929664,0.852836547,0.02317471,0.403924131,0.666519435,0.259682921
"Would've, Could've, Should've",247828797,307626,Midnights,1fnJ7k0bllNfL1kVdNVW1A,22/10/2022,19,0aV5uARAknQgYhBaK944FP,FALSE,spotify:track:0aV5uARAknQgYhBaK944FP,0.43,0.483,0.84,0.000575,0.146,-6.508,0.119,157.979,0.55,75,260361,0.867788462,0.366972477,0.712975098,0.107886151,0.638271281,0.566033569,0.334309223
All Too Well,242822545,65763,Red,523543fewrgQEFQ34gergerhrh,22/10/2012,5,4XMP3zVxrnr58T0tjIHvpR,FALSE,spotify:track:4XMP3zVxrnr58T0tjIHvpR,0.0382,0.602,0.609,0.0002,0.127,-7.803,0.0243,93.06,0.337,47,327893,0.590144231,0.548929664,0.632153779,0.001349983,0.177267595,0.330830389,0.461782688
Welcome To New York,242265974,81738,1989,5e234f2rg34gQ34gergerhrh,27/10/2014,1,6qnM0XXPZOINWA778uNqQ9,FALSE,spotify:track:6qnM0XXPZOINWA778uNqQ9,0.038,0.793,0.634,1.76E-06,0.304,-4.807,0.0324,117.024,0.615,62,212600,0.620192308,0.840978593,0.819134993,0.010462369,0.347441078,0.637809187,0.244155516
All Too Well (Taylor's Version),240767841,262495,Red (Taylor's Version),6kZ42qRrzov54LcAk4onW9,12/11/2021,5,3nsfB1vus2qaloUdcBZvDu,FALSE,spotify:track:3nsfB1vus2qaloUdcBZvDu,0.0171,0.44,0.528,0.00203,0.234,-7.809,0.0317,185.972,0.132,77,329160,0.492788462,0.301223242,0.631779317,0.009674879,0.837055553,0.104461131,0.464174278
Dancing With Our Hands Tied,234409103,245464,reputation,6DEjYFkNZh67HP7R9PSZvv,10/11/2017,11,7I7JbDv63ZJJsSi24DyJrz,FALSE,spotify:track:7I7JbDv63ZJJsSi24DyJrz,0.0604,0.624,0.691,1.10E-05,0.138,-6.686,0.196,160.024,0.284,79,211506,0.688701923,0.582568807,0.701866068,0.194510069,0.652793262,0.272305654,0.24209048
Enchanted (Taylor's Version),230594076,824818,Speak Now (Taylor's Version),5AEDGbliTTfjOB8TSm1sxt,7/07/2023,9,3sW3oSbzsfecv9XoUdGs7h,FALSE,spotify:track:3sW3oSbzsfecv9XoUdGs7h,0.012,0.505,0.532,0,0.149,-3.526,0.0265,81.907,0.216,86,353253,0.497596154,0.400611621,0.899082569,0.003824952,0.09806776,0.197217314,0.509652247
This Love (Taylor's Version),227423895,353940,1989 (Taylor's Version),1o59UpKw81iHR0HPiSkJR0,26/10/2023,11,5QVVjX0ZItqlVpEuVCM9Yg,FALSE,spotify:track:5QVVjX0ZItqlVpEuVCM9Yg,0.299,0.474,0.511,0,0.0673,-8.766,0.0339,144.022,0.0586,76,250100,0.472355769,0.353211009,0.572052674,0.012149848,0.539159642,0.023409894,0.31494055
Mean,224540064,70331,Speak Now,34htrbhergrgerhrh,25/10/2010,6,5yEPktRqvIhko5QFF3aBhQ,FALSE,spotify:track:5yEPktRqvIhko5QFF3aBhQ,0.452,0.568,0.761,0,0.217,-3.987,0.0459,163.974,0.789,62,237733,0.772836538,0.496941896,0.870311427,0.025649679,0.680843056,0.829946996,0.291596589
I Can See You (Taylor's Version) (From The Vault),220636784,381977,Speak Now (Taylor's Version),5AEDGbliTTfjOB8TSm1sxt,7/07/2023,19,5kHMfzgLZP95O9NBy0ku4v,FALSE,spotify:track:5kHMfzgLZP95O9NBy0ku4v,0.0586,0.694,0.764,0,0.0608,-4.893,0.0337,123.044,0.819,82,273186,0.776442308,0.689602446,0.813767709,0.011924851,0.390190384,0.863074205,0.358517705
Mine,218449264,65795,Speak Now,34htrbhergrgerhrh,25/10/2010,1,0dBW6ZsW8skfvoRfgeerBF,FALSE,spotify:track:0dBW6ZsW8skfvoRfgeerBF,0.00265,0.624,0.757,1.87E-06,0.189,-2.94,0.0296,121.07,0.658,61,230706,0.768028846,0.582568807,0.935654996,0.007312409,0.376172588,0.685291519,0.278332418
All You Had To Do Was Stay,216667344,45203,1989,5e234f2rg34gQ34gergerhrh,27/10/2014,5,0dAb8TY433dl3ZfXYCLE19,FALSE,spotify:track:0dAb8TY433dl3ZfXYCLE19,0.00196,0.602,0.736,4.57E-05,0.105,-5.778,0.0338,96.969,0.471,58,193293,0.742788462,0.548929664,0.758534607,0.01203735,0.205026239,0.478798587,0.207711605
False God,216345424,267238,Lover,1NAmidJlEaVgA3MpcPFYGq,23/08/2019,13,5hQSXkFgbxjZo9uCwd11so,FALSE,spotify:track:5hQSXkFgbxjZo9uCwd11so,0.736,0.739,0.32,0.000147,0.111,-10.862,0.239,79.97,0.351,78,200306,0.242788462,0.758409786,0.441240716,0.242884464,0.084312709,0.346289753,0.22094935
Now That We Don't Talk (Taylor's Version) (From The Vault),214691227,814602,1989 (Taylor's Version),1o59UpKw81iHR0HPiSkJR0,26/10/2023,19,5KD6AEm19QnMbfWpfoOHMl,FALSE,spotify:track:5KD6AEm19QnMbfWpfoOHMl,0.186,0.793,0.512,3.81E-05,0.0889,-9.319,0.0338,109.994,0.0662,87,146436,0.473557692,0.840978593,0.537539787,0.01203735,0.297519546,0.03180212,0.119264289
This Is Why We Can't Have Nice Things,208123537,202246,reputation,6DEjYFkNZh67HP7R9PSZvv,10/11/2017,13,07NxDD1iKCHbAldceD7QLP,FALSE,spotify:track:07NxDD1iKCHbAldceD7QLP,0.0156,0.567,0.789,0,0.382,-5.986,0.115,163.96,0.438,77,207133,0.806490385,0.495412844,0.745553267,0.103386208,0.680743639,0.442358657,0.233836001
"""Slut!"" (Taylor's Version) (From The Vault)",207272266,942435,1989 (Taylor's Version),1o59UpKw81iHR0HPiSkJR0,26/10/2023,17,71BqAINEnezjQfxE4VuJfq,FALSE,spotify:track:71BqAINEnezjQfxE4VuJfq,0.345,0.629,0.413,7.62E-05,0.0603,-13.178,0.055,77.983,0.306,87,180381,0.354567308,0.590214067,0.296698496,0.035887051,0.070202598,0.29659894,0.183338902
Teardrops On My Guitar - Radio Single Remix,205659902,138948,Taylor Swift,5eyZZoQEFQWRHkV2xgAeBw,24/10/2006,3,7zMcNqs55Mxer82bvZFkpg,FALSE,spotify:track:7zMcNqs55Mxer82bvZFkpg,0.288,0.621,0.417,0,0.119,-6.941,0.0231,99.953,0.289,69,203040,0.359375,0.577981651,0.685951445,0,0.22621626,0.277826855,0.226110051
ivy,203810528,234798,evermore,6AORtDjduMM3bupSWzbTSG,11/12/2020,10,19CSr8rwW05VJL2F91KFNK,TRUE,spotify:track:19CSr8rwW05VJL2F91KFNK,0.855,0.515,0.545,1.97E-05,0.0921,-9.277,0.0353,88.856,0.535,73,260440,0.513221154,0.415902141,0.540161019,0.013724828,0.147414093,0.549469965,0.334458343
Nothing New (feat. Phoebe Bridgers) (Taylor's Version) (From The Vault),202293070,232149,Red (Taylor's Version),6kZ42qRrzov54LcAk4onW9,12/11/2021,23,01K4zKU104LyJ8gMb7227B,FALSE,spotify:track:01K4zKU104LyJ8gMb7227B,0.817,0.606,0.377,0,0.154,-9.455,0.0275,101.96,0.446,78,258812,0.311298077,0.555045872,0.529051988,0.004949938,0.240468396,0.45119258,0.331385329
evermore (feat. Bon Iver),200403089,248235,evermore,6AORtDjduMM3bupSWzbTSG,11/12/2020,15,3O5osWf1rSoKMwe6E9ZaXP,FALSE,spotify:track:3O5osWf1rSoKMwe6E9ZaXP,0.937,0.39,0.27,0.00227,0.111,-10.673,0.0308,125.177,0.32,70,304106,0.182692308,0.224770642,0.45303626,0.008662392,0.405337272,0.312058304,0.416882325
mad woman,200320549,198912,folklore,1pzvBxYgT6OVwJLtHkrdQK,24/07/2020,12,2QDyYdZyhlP2fp79KZX8Bi,TRUE,spotify:track:2QDyYdZyhlP2fp79KZX8Bi,0.655,0.592,0.699,1.68E-05,0.114,-8.995,0.0471,141.916,0.506,72,237258,0.698317308,0.533639144,0.557760719,0.026999663,0.524204487,0.517446996,0.290699979
I Bet You Think About Me (feat. Chris Stapleton) (Taylor's Version) (From The Vault),199989231,187554,Red (Taylor's Version),6kZ42qRrzov54LcAk4onW9,12/11/2021,26,4CkgMiMqZ5JzW9iYXSTMTL,FALSE,spotify:track:4CkgMiMqZ5JzW9iYXSTMTL,0.167,0.391,0.715,0,0.183,-4.516,0.0495,149.654,0.473,76,285106,0.717548077,0.226299694,0.837296386,0.029699629,0.579153677,0.481007067,0.381017908
peace,195510020,204276,folklore,1pzvBxYgT6OVwJLtHkrdQK,24/07/2020,15,7MbT4I8qGntX4fMdqMQgke,TRUE,spotify:track:7MbT4I8qGntX4fMdqMQgke,0.918,0.647,0.272,1.73E-05,0.0918,-12.906,0.0916,150.044,0.339,73,234000,0.185096154,0.617737003,0.313674093,0.077061537,0.581923151,0.333038869,0.284550175
marjorie,194377401,354968,evermore,6AORtDjduMM3bupSWzbTSG,11/12/2020,13,12ntTeqEeTg7GAVpe8Mhpl,FALSE,spotify:track:12ntTeqEeTg7GAVpe8Mhpl,0.876,0.535,0.561,0.000136,0.115,-11.609,0.0484,96.103,0.287,76,257773,0.532451923,0.44648318,0.394620233,0.028462144,0.198876588,0.275618375,0.329424112
Clean,192010467,50987,1989,5e234f2rg34gQ34gergerhrh,27/10/2014,13,06WgOCf0LV2h4keYXDRnuh,FALSE,spotify:track:06WgOCf0LV2h4keYXDRnuh,0.241,0.81,0.379,0,0.113,-7.771,0.0349,103.981,0.22,49,271000,0.313701923,0.866972477,0.634150908,0.013274834,0.254819949,0.201634276,0.354391409
Better Than Revenge,187805188,71212,Speak Now,34htrbhergrgerhrh,25/10/2010,10,2ythurkTtSiyfK7GprJoFW,FALSE,spotify:track:2ythurkTtSiyfK7GprJoFW,0.0139,0.516,0.917,6.37E-06,0.36,-3.186,0.0827,145.821,0.635,57,217160,0.960336538,0.417431193,0.920302066,0.067049162,0.551934726,0.659893993,0.252762976
long story short,183733223,202801,evermore,6AORtDjduMM3bupSWzbTSG,11/12/2020,12,2o2sgVJIgFXk8GQjWTgI6U,FALSE,spotify:track:2o2sgVJIgFXk8GQjWTgI6U,0.66,0.546,0.73,0.179,0.0972,-7.704,0.0417,157.895,0.573,69,215920,0.735576923,0.463302752,0.638332397,0.020924738,0.637674779,0.591431095,0.250422351
New Year's Day,182557155,203349,reputation,6DEjYFkNZh67HP7R9PSZvv,10/11/2017,15,7F5oktn5YOsR9eR5YsFtqb,FALSE,spotify:track:7F5oktn5YOsR9eR5YsFtqb,0.921,0.661,0.151,0,0.13,-12.864,0.0354,94.922,0.23,77,235466,0.039663462,0.639143731,0.316295325,0.013837327,0.190490055,0.212676678,0.287317398
Picture To Burn,182226408,170854,Taylor Swift,5eyZZoQEFQWRHkV2xgAeBw,24/10/2006,2,32mVHdy0bi1XKgr0ajsBlG,FALSE,spotify:track:32mVHdy0bi1XKgr0ajsBlG,0.173,0.658,0.877,0,0.0962,-2.098,0.0323,105.586,0.821,71,173066,0.912259615,0.634556575,0.988204456,0.010349871,0.266217397,0.865282686,0.169531101
Message In A Bottle (Taylor's Version) (From The Vault),179904432,146294,Red (Taylor's Version),6kZ42qRrzov54LcAk4onW9,12/11/2021,25,3z6XUommYDWPHeFhmhhT6j,FALSE,spotify:track:3z6XUommYDWPHeFhmhhT6j,0.00188,0.622,0.791,3.72E-06,0.083,-6.106,0.0535,115.915,0.494,74,225960,0.808894231,0.579510703,0.738064033,0.034199573,0.339565832,0.504196113,0.269373864
Sparks Fly,178059240,59877,Speak Now,34htrbhergrgerhrh,25/10/2010,2,6d9IiDcFxtFVIvt9pCqyGH,FALSE,spotify:track:6d9IiDcFxtFVIvt9pCqyGH,0.0396,0.605,0.787,1.42E-06,0.163,-3.002,0.0308,114.987,0.374,60,260933,0.804086538,0.55351682,0.931785558,0.008662392,0.332975906,0.371687279,0.335388931
happiness,174844049,175557,evermore,6AORtDjduMM3bupSWzbTSG,11/12/2020,7,73YUReisjb3A9ActdLLjJQ,TRUE,spotify:track:73YUReisjb3A9ActdLLjJQ,0.87,0.559,0.334,0,0.114,-10.733,0.0376,122.079,0.211,71,315146,0.259615385,0.483180428,0.449291643,0.016312296,0.383337712,0.191696113,0.437721439
hoax,174475220,177375,folklore,1pzvBxYgT6OVwJLtHkrdQK,24/07/2020,16,6MWoRt97mnSTXZhu3ggi9C,FALSE,spotify:track:6MWoRt97mnSTXZhu3ggi9C,0.966,0.662,0.181,3.86E-06,0.133,-15.065,0.0415,118.819,0.429,72,220042,0.075721154,0.640672783,0.178930288,0.020699741,0.360187756,0.432420495,0.258203042
epiphany,173577094,161453,folklore,1pzvBxYgT6OVwJLtHkrdQK,24/07/2020,13,08fa9LFcFBTcilB3iq2e2A,FALSE,spotify:track:08fa9LFcFBTcilB3iq2e2A,0.731,0.354,0.267,0.000402,0.0858,-13.69,0.0281,94.219,0.113,70,289749,0.179086538,0.169724771,0.26474443,0.00562493,0.185497902,0.083480565,0.389782039
cowboy like me,173548876,205613,evermore,6AORtDjduMM3bupSWzbTSG,11/12/2020,11,1XjHRolIXL2M1EEOUsGGR4,TRUE,spotify:track:1XjHRolIXL2M1EEOUsGGR4,0.768,0.604,0.517,0.000155,0.123,-9.014,0.0347,127.967,0.511,72,275040,0.479567308,0.551987768,0.556574924,0.013049837,0.425149658,0.522968198,0.362017317
Paris,170133797,178531,Midnights,1fnJ7k0bllNfL1kVdNVW1A,22/10/2022,16,7712gjoih4QoDbXpljEk21,FALSE,spotify:track:7712gjoih4QoDbXpljEk21,0.112,0.7,0.509,3.27E-05,0.137,-10.547,0.0789,110.947,0.345,72,196258,0.469951923,0.698776758,0.460899956,0.062774215,0.304287003,0.339664311,0.213308341
So It Goes...,169855307,183547,reputation,6DEjYFkNZh67HP7R9PSZvv,10/11/2017,7,5PxFv9yJEg9dxvbZggykro,FALSE,spotify:track:5PxFv9yJEg9dxvbZggykro,0.122,0.574,0.61,1.10E-06,0.13,-7.283,0.0732,74.957,0.374,76,227906,0.591346154,0.506116208,0.664607127,0.056361795,0.048714325,0.371687279,0.273047135
Bigger Than The Whole Sky,169113478,203412,Midnights,1fnJ7k0bllNfL1kVdNVW1A,22/10/2022,15,0BiqmkasE5FdrChwKfVp8X,FALSE,spotify:track:0BiqmkasE5FdrChwKfVp8X,0.826,0.422,0.235,0.00648,0.115,-12.379,0.0568,165.71,0.068,73,218502,0.140625,0.273700306,0.346564314,0.037912026,0.693170763,0.033789753,0.255296136
coney island (feat. The National),168684863,177382,evermore,6AORtDjduMM3bupSWzbTSG,11/12/2020,9,3k7ne7VmH43ZPWxPdvPUgR,FALSE,spotify:track:3k7ne7VmH43ZPWxPdvPUgR,0.819,0.537,0.537,0.000904,0.142,-11.266,0.0617,107.895,0.292,68,275320,0.503605769,0.449541284,0.416026961,0.043424457,0.282614099,0.281139576,0.362545845
How You Get The Girl,166422052,52434,1989,5e234f2rg34gQ34gergerhrh,27/10/2014,10,4dYUOfmWna6DFccnz732n8,FALSE,spotify:track:4dYUOfmWna6DFccnz732n8,0.00461,0.764,0.66,0.00477,0.0915,-6.136,0.0494,119.988,0.524,50,247533,0.651442308,0.796636086,0.736191724,0.02958713,0.368489075,0.537323322,0.310095078
Back To December (Taylor's Version),166224629,452440,Speak Now (Taylor's Version),5AEDGbliTTfjOB8TSm1sxt,7/07/2023,3,79uDOz0zuuWS7HWxzMmTa2,FALSE,spotify:track:79uDOz0zuuWS7HWxzMmTa2,0.00621,0.497,0.635,0,0.117,-3.927,0.0273,142.063,0.203,82,294189,0.621394231,0.388379205,0.874056044,0.004724941,0.525248365,0.182862191,0.398162987
Hits Different,165417574,340216,Midnights,1fnJ7k0bllNfL1kVdNVW1A,26/05/2023,21,3xYJScVfxByb61dYHTwiby,FALSE,spotify:track:3xYJScVfxByb61dYHTwiby,0.148,0.672,0.782,4.73E-06,0.296,-6.499,0.0421,106.026,0.239,81,234466,0.798076923,0.655963303,0.713536791,0.021374733,0.269341931,0.222614841,0.285429797
dorothea,162444701,178395,evermore,6AORtDjduMM3bupSWzbTSG,11/12/2020,8,670fUmXf4KQekzbEgaXyPA,FALSE,spotify:track:670fUmXf4KQekzbEgaXyPA,0.696,0.605,0.488,0,0.129,-8.322,0.0264,119.966,0.354,69,225880,0.444711538,0.55351682,0.599762841,0.003712454,0.368332848,0.349602473,0.269222856
Snow On The Beach (feat. More Lana Del Rey),160631977,368989,Midnights,1fnJ7k0bllNfL1kVdNVW1A,26/05/2023,22,4zmKGsrXjLmljb5fTaBTot,TRUE,spotify:track:4zmKGsrXjLmljb5fTaBTot,0.806,0.664,0.401,3.50E-06,0.108,-10.934,0.0344,109.846,0.315,81,229942,0.340144231,0.643730887,0.436747176,0.012712341,0.296468566,0.306537102,0.276890291
The Very First Night (Taylor's Version) (From The Vault),160407129,170431,Red (Taylor's Version),6kZ42qRrzov54LcAk4onW9,12/11/2021,29,6pYNq0ZwpPVazKzsqpf0G8,FALSE,spotify:track:6pYNq0ZwpPVazKzsqpf0G8,0.00115,0.678,0.733,0,0.104,-5.025,0.0281,121.009,0.581,76,200280,0.739182692,0.665137615,0.805529551,0.00562493,0.375739414,0.600265018,0.220900272
Style (Taylor's Version),156507930,803605,1989 (Taylor's Version),1o59UpKw81iHR0HPiSkJR0,26/10/2023,3,1hjRhYpWyqDpPahmSlUTlc,FALSE,spotify:track:1hjRhYpWyqDpPahmSlUTlc,0.000418,0.575,0.824,0.0214,0.0901,-4.823,0.038,94.971,0.292,86,231000,0.848557692,0.50764526,0.818136429,0.01676229,0.190838014,0.281139576,0.278887373
The Story Of Us,150069501,32576,Speak Now,34htrbhergrgerhrh,25/10/2010,7,3RBluWmSoG2pGA1OePzGJI,FALSE,spotify:track:3RBluWmSoG2pGA1OePzGJI,0.00478,0.543,0.818,0.000368,0.0357,-3.611,0.0398,139.898,0.683,56,265666,0.841346154,0.458715596,0.893777695,0.018787265,0.509874238,0.712897527,0.344322946
I Wish You Would,149959773,34151,1989,5e234f2rg34gQ34gergerhrh,27/10/2014,7,3wmN11qXGL0HyPojvEE1D9,FALSE,spotify:track:3wmN11qXGL0HyPojvEE1D9,0.016,0.648,0.898,9.91E-05,0.109,-5.963,0.0513,118.02,0.502,50,207440,0.9375,0.619266055,0.746988704,0.031724603,0.354513886,0.513030035,0.234415495
Mine (Taylor's Version),148364600,387386,Speak Now (Taylor's Version),5AEDGbliTTfjOB8TSm1sxt,7/07/2023,1,7G0gBu6nLdhFDPRLc0HdDG,FALSE,spotify:track:7G0gBu6nLdhFDPRLc0HdDG,0.00444,0.646,0.783,1.38E-06,0.171,-2.846,0.0356,121.08,0.49,82,231706,0.799278846,0.616207951,0.941521563,0.014062324,0.3762436,0.499779152,0.280220019
Wonderland,146644306,42482,1989,5e234f2rg34gQ34gergerhrh,27/10/2014,14,6iWMI5oOhWrDbLbjmwTWFq,FALSE,spotify:track:6iWMI5oOhWrDbLbjmwTWFq,0.0493,0.422,0.692,2.57E-05,0.177,-5.447,0.0549,184.014,0.197,60,245560,0.689903846,0.273700306,0.779192411,0.035774553,0.823151377,0.176236749,0.306370842
Say Don't Go (Taylor's Version) (From The Vault),145082839,513654,1989 (Taylor's Version),1o59UpKw81iHR0HPiSkJR0,26/10/2023,18,4NioO5R9sHEZh4cGzMHyNt,FALSE,spotify:track:4NioO5R9sHEZh4cGzMHyNt,0.0656,0.626,0.547,1.67E-05,0.149,-8.285,0.0342,109.946,0.192,83,279833,0.515625,0.585626911,0.602072021,0.012487344,0.297178688,0.170715548,0.371064588
High Infidelity,143082995,154508,Midnights,1fnJ7k0bllNfL1kVdNVW1A,22/10/2022,17,5kiZGSxgqPdv6rbqL9THdd,FALSE,spotify:track:5kiZGSxgqPdv6rbqL9THdd,0.723,0.646,0.529,0,0.0885,-10.179,0.0864,87.862,0.755,71,231475,0.493990385,0.616207951,0.483866941,0.07121161,0.140355487,0.792402827,0.279783983
the lakes - bonus track,141801683,188274,folklore,1pzvBxYgT6OVwJLtHkrdQK,18/08/2020,17,0eFQWVz0qIxDOvhLpZ40P7,FALSE,spotify:track:0eFQWVz0qIxDOvhLpZ40P7,0.842,0.313,0.258,1.30E-06,0.0948,-11.532,0.0383,179.947,0.268,74,211813,0.168269231,0.107033639,0.399425825,0.017099786,0.794270741,0.254637809,0.242669974
Speak Now,141488868,44416,Speak Now,34htrbhergrgerhrh,25/10/2010,4,24DefNCFiWTP8OjYWiXuYe,FALSE,spotify:track:24DefNCFiWTP8OjYWiXuYe,0.095,0.709,0.599,0,0.0973,-3.734,0.0304,118.975,0.735,55,240760,0.578125,0.712538226,0.886101229,0.008212397,0.361295545,0.770318021,0.297310357
You Are In Love,140063942,38752,1989,5e234f2rg34gQ34gergerhrh,27/10/2014,15,4A2LfnduSTsE8u0ecYROxE,FALSE,spotify:track:4A2LfnduSTsE8u0ecYROxE,0.707,0.474,0.48,0.000108,0.0903,-8.894,0.0622,170.109,0.319,60,267106,0.435096154,0.353211009,0.564064158,0.04398695,0.724409001,0.310954064,0.347041091
Dear John,139459705,27810,Speak Now,34htrbhergrgerhrh,25/10/2010,5,7hZuICN5eaCuQyp443RCt6,FALSE,spotify:track:7hZuICN5eaCuQyp443RCt6,0.166,0.589,0.47,1.45E-06,0.112,-5.32,0.028,119.386,0.102,52,403920,0.423076923,0.529051988,0.787118517,0.005512431,0.364214144,0.071333922,0.605291323
Everything Has Changed (feat. Ed Sheeran) (Taylor's Version),137885364,196431,Red (Taylor's Version),6kZ42qRrzov54LcAk4onW9,12/11/2021,14,7qEUFOVcxRI19tbT68JcYK,FALSE,spotify:track:7qEUFOVcxRI19tbT68JcYK,0.271,0.498,0.61,0,0.223,-5.098,0.0363,79.918,0.474,76,245426,0.591346154,0.389908257,0.8009736,0.014849814,0.083943446,0.482111307,0.306117903
Soon You'll Get Better (feat. The Chicks),137086011,111569,Lover,1NAmidJlEaVgA3MpcPFYGq,23/08/2019,12,4AYtqFyFbX0Xkc2wtcygTr,FALSE,spotify:track:4AYtqFyFbX0Xkc2wtcygTr,0.907,0.433,0.182,0,0.123,-12.566,0.0641,207.476,0.421,73,201586,0.076923077,0.290519878,0.33489359,0.046124423,0.98976005,0.423586572,0.223365479
Better Man (Taylor's Version) (From The Vault),134111947,163779,Red (Taylor's Version),6kZ42qRrzov54LcAk4onW9,12/11/2021,22,4OmFmE0fzcMG6g0Y8p4eSD,FALSE,spotify:track:4OmFmE0fzcMG6g0Y8p4eSD,0.214,0.473,0.579,0,0.0877,-5.824,0.0384,73.942,0.255,73,297013,0.554086538,0.351681957,0.755663733,0.017212285,0.041506593,0.240282686,0.403493572
Run (feat. Ed Sheeran) (Taylor's Version) (From The Vault),132405998,93558,Red (Taylor's Version),6kZ42qRrzov54LcAk4onW9,12/11/2021,28,4IQkfUsrwXol38VV3U7t7T,FALSE,spotify:track:4IQkfUsrwXol38VV3U7t7T,0.817,0.61,0.488,0,0.312,-6.918,0.0293,125.039,0.443,71,240226,0.444711538,0.56116208,0.687386881,0.006974913,0.404357305,0.447879859,0.296302379
I Know Places,132103833,28865,1989,5e234f2rg34gQ34gergerhrh,27/10/2014,12,3jBMHD19RZdAqG9iFQh7xc,FALSE,spotify:track:3jBMHD19RZdAqG9iFQh7xc,0.231,0.596,0.763,0,0.2,-4.99,0.0661,159.958,0.507,48,195706,0.775240385,0.539755352,0.807713911,0.048374395,0.652324582,0.518551237,0.212266386
Blank Space (Taylor's Version),129238939,659917,1989 (Taylor's Version),1o59UpKw81iHR0HPiSkJR0,26/10/2023,2,45wMBGri1PORPjM9PwFfrS,FALSE,spotify:track:45wMBGri1PORPjM9PwFfrS,0.0976,0.737,0.725,0,0.174,-5.417,0.0641,96.012,0.755,85,231833,0.729567308,0.755351682,0.781064719,0.046124423,0.198230378,0.792402827,0.280459744
It's Nice To Have A Friend,124828705,111208,Lover,1NAmidJlEaVgA3MpcPFYGq,23/08/2019,17,1SmiQ65iSAbPto6gPFlBYm,FALSE,spotify:track:1SmiQ65iSAbPto6gPFlBYm,0.971,0.737,0.175,0.000337,0.171,-9.912,0.0401,70.008,0.545,73,150440,0.068509615,0.755351682,0.500530487,0.019124761,0.013570419,0.560512367,0.126822243
Begin Again,124772284,42552,Red,523543fewrgQEFQ34gergerhrh,22/10/2012,16,0L4YCNRfXAoTvdpWeH2RGj,FALSE,spotify:track:0L4YCNRfXAoTvdpWeH2RGj,0.199,0.53,0.526,3.52E-06,0.232,-8.349,0.0263,79.025,0.323,57,237613,0.490384615,0.43883792,0.598077763,0.003599955,0.077602062,0.315371025,0.291370077
Tim McGraw,123565379,106540,Taylor Swift,5eyZZoQEFQWRHkV2xgAeBw,24/10/2006,1,0Om9WAB5RS09L80DyOfTNa,FALSE,spotify:track:0Om9WAB5RS09L80DyOfTNa,0.575,0.58,0.491,0,0.121,-6.462,0.0251,76.009,0.425,68,232106,0.448317308,0.51529052,0.715845971,0.002249972,0.056184802,0.428003534,0.280975059
Last Kiss,120874971,29337,Speak Now,34htrbhergrgerhrh,25/10/2010,13,4h0EXpatqJImv4VRgvX6po,FALSE,spotify:track:4h0EXpatqJImv4VRgvX6po,0.57,0.371,0.341,3.09E-05,0.101,-9.475,0.0319,89.038,0.196,54,367133,0.268028846,0.195718654,0.527803782,0.009899876,0.148706514,0.175132509,0.535852148
Dear Reader,118084747,159018,Midnights,1fnJ7k0bllNfL1kVdNVW1A,22/10/2022,20,3QF5RsWzK1lCvf2o2cY65P,FALSE,spotify:track:3QF5RsWzK1lCvf2o2cY65P,0.481,0.562,0.388,0.00145,0.117,-12.088,0.0705,107.747,0.159,71,225194,0.324519231,0.487767584,0.364725707,0.053324333,0.281563119,0.134275618,0.267927962
State Of Grace (Taylor's Version),115997205,121765,Red (Taylor's Version),6kZ42qRrzov54LcAk4onW9,12/11/2021,1,6lzc0Al0zfZOIFsFvBS1ki,FALSE,spotify:track:6lzc0Al0zfZOIFsFvBS1ki,0.000328,0.594,0.713,0,0.114,-5.314,0.0503,129.958,0.328,72,295413,0.715144231,0.536697248,0.787492979,0.030599618,0.439288174,0.320892226,0.40047341
Fearless,115791599,65814,Fearless,5eyZZoQEFQ34gergerhrh,11/11/2008,1,6Eu31gddWw0gOGO506pJYA,FALSE,spotify:track:6Eu31gddWw0gOGO506pJYA,0.04,0.594,0.712,0,0.309,-4.418,0.0273,99.972,0.476,60,241986,0.713942308,0.536697248,0.843412594,0.004724941,0.226351183,0.484319788,0.299624556
closure,115245902,121533,evermore,6AORtDjduMM3bupSWzbTSG,11/12/2020,14,35rdVq36LMHQX0Suw9a6tK,FALSE,spotify:track:35rdVq36LMHQX0Suw9a6tK,0.835,0.689,0.704,4.83E-06,0.134,-10.813,0.245,151.884,0.92,66,180653,0.704326923,0.681957187,0.44429882,0.24963438,0.594989384,0.974602473,0.183852329
Should've Said No,114845432,104478,Taylor Swift,5eyZZoQEFQWRHkV2xgAeBw,24/10/2006,9,16MVSD0mGI4RMQT83Qzm69,FALSE,spotify:track:16MVSD0mGI4RMQT83Qzm69,0.0103,0.476,0.777,0,0.196,-3.771,0.0289,167.964,0.472,68,242200,0.792067308,0.356269113,0.883792049,0.006524918,0.709176898,0.479902827,0.300028503
Glitch,114007039,126408,Midnights,1fnJ7k0bllNfL1kVdNVW1A,22/10/2022,18,6wAFvJPpTZVirBKGZ4EnMW,FALSE,spotify:track:6wAFvJPpTZVirBKGZ4EnMW,0.361,0.675,0.466,0,0.11,-9.738,0.201,140.864,0.347,70,148781,0.418269231,0.660550459,0.511389877,0.200134998,0.51673401,0.341872792,0.123690713
Fifteen,113448267,43698,Fearless,5eyZZoQEFQ34gergerhrh,11/11/2008,2,4t0OI7XrODjSkAu3bTPmWj,FALSE,spotify:track:4t0OI7XrODjSkAu3bTPmWj,0.067,0.556,0.651,0,0.145,-4.396,0.0266,95.485,0.203,58,294333,0.640625,0.478593272,0.844785621,0.003937451,0.194488038,0.182862191,0.398434801
Babe (Taylor's Version) (From The Vault),113275843,132953,Red (Taylor's Version),6kZ42qRrzov54LcAk4onW9,12/11/2021,24,0v4z1tuZvn6LGknom9Qx7d,FALSE,spotify:track:0v4z1tuZvn6LGknom9Qx7d,0.0538,0.584,0.743,2.83E-06,0.121,-7.075,0.0931,167.844,0.746,73,224240,0.751201923,0.521406728,0.677588467,0.078749016,0.708324753,0.782464664,0.26612719
Better Than Revenge (Taylor's Version),108901781,228203,Speak Now (Taylor's Version),5AEDGbliTTfjOB8TSm1sxt,7/07/2023,10,0NwGC0v03ysCYINtg6ns58,FALSE,spotify:track:0NwGC0v03ysCYINtg6ns58,0.000886,0.496,0.885,0,0.191,-2.969,0.0803,145.863,0.665,78,220306,0.921875,0.386850153,0.933845098,0.064349196,0.552232977,0.693021201,0.258701368
White Horse,108599935,27958,Fearless,5eyZZoQEFQ34gergerhrh,11/11/2008,5,6wn61Fzx9XMxQmieLpoIhW,FALSE,spotify:track:6wn61Fzx9XMxQmieLpoIhW,0.305,0.578,0.34,0,0.104,-8.027,0.0264,92.702,0.223,54,234426,0.266826923,0.512232416,0.618173875,0.003712454,0.174725361,0.204946996,0.285354293
You All Over Me (feat. Maren Morris) (Taylor's Version) (From The Vault),106471324,84598,Fearless (Taylor's Version),4hDok0OAJd57SGIT8xuWJH,9/04/2021,21,4CHpVfAhuxNJ3ibExe6kxO,FALSE,spotify:track:4CHpVfAhuxNJ3ibExe6kxO,0.816,0.599,0.494,0,0.101,-7.61,0.0372,142.893,0.44,67,220839,0.451923077,0.544342508,0.644198964,0.015862302,0.531142372,0.444567138,0.25970746
This Love,106359659,25809,1989,5e234f2rg34gQ34gergerhrh,27/10/2014,11,3oKMl2tJv4fdidkXUYMI5x,FALSE,spotify:track:3oKMl2tJv4fdidkXUYMI5x,0.635,0.475,0.459,0,0.101,-8.768,0.0333,143.988,0.0828,48,250093,0.409855769,0.354740061,0.571927854,0.011474857,0.538918201,0.050132509,0.314927337
Long Live (Taylor's Version),106163425,401057,Speak Now (Taylor's Version),5AEDGbliTTfjOB8TSm1sxt,7/07/2023,14,4hqJ4bSlYJOXb6Z4SRmzxs,FALSE,spotify:track:4hqJ4bSlYJOXb6Z4SRmzxs,0.0122,0.375,0.65,0,0.189,-4.031,0.0402,203.89,0.0752,80,317960,0.639423077,0.201834862,0.867565375,0.01923726,0.964295098,0.041740283,0.443033148
Out Of The Woods (Taylor's Version),104211973,437763,1989 (Taylor's Version),1o59UpKw81iHR0HPiSkJR0,26/10/2023,4,045ZeOHPIzhxxsm8bq5kyE,FALSE,spotify:track:045ZeOHPIzhxxsm8bq5kyE,0.000512,0.547,0.885,9.37E-05,0.39,-5.961,0.0418,91.992,0.192,82,235800,0.921875,0.464831804,0.747113524,0.021037237,0.169683499,0.170715548,0.287947857
The Last Time (feat. Gary Lightbody of Snow Patrol) (Taylor's Version),104121498,130952,Red (Taylor's Version),6kZ42qRrzov54LcAk4onW9,12/11/2021,10,0y6kdSRCVQhSsHSpWvTUm7,FALSE,spotify:track:0y6kdSRCVQhSsHSpWvTUm7,0.0399,0.502,0.534,0,0.0977,-5.954,0.0278,94.05,0.155,73,299080,0.5,0.396024465,0.747550396,0.005287434,0.184297796,0.129858657,0.407395243
Come Back...Be Here (Taylor's Version),103605950,130268,Red (Taylor's Version),6kZ42qRrzov54LcAk4onW9,12/11/2021,18,4pNApnaUWAL2J4KO2eqokq,FALSE,spotify:track:4pNApnaUWAL2J4KO2eqokq,0.0158,0.46,0.632,0,0.0822,-6.031,0.0302,79.846,0.399,73,223333,0.617788462,0.331804281,0.742744804,0.0079874,0.083432159,0.399293286,0.264415136
Treacherous (Taylor's Version),103582641,104460,Red (Taylor's Version),6kZ42qRrzov54LcAk4onW9,12/11/2021,3,3S7HNKPakdwNEBFIVTL6dZ,FALSE,spotify:track:3S7HNKPakdwNEBFIVTL6dZ,0.0344,0.645,0.593,0.000127,0.13,-6.506,0.0288,109.984,0.299,72,242720,0.570913462,0.614678899,0.713099919,0.00641242,0.297448534,0.288869258,0.301010055
Forever & Always (Taylor's Version),103002436,130796,Fearless (Taylor's Version),4hDok0OAJd57SGIT8xuWJH,9/04/2021,11,1msEuwSBneBKpVCZQcFTsU,FALSE,spotify:track:1msEuwSBneBKpVCZQcFTsU,0.0231,0.598,0.821,0,0.143,-4.433,0.0447,128.03,0.673,73,225328,0.844951923,0.542813456,0.84247644,0.024299696,0.425597035,0.701855124,0.2681809
Haunted,101110153,32276,Speak Now,34htrbhergrgerhrh,25/10/2010,12,28M2gifMU282QBM3fKajIS,FALSE,spotify:track:28M2gifMU282QBM3fKajIS,0.0826,0.436,0.95,1.08E-06,0.149,-2.627,0.057,162.088,0.352,52,242080,1,0.295107034,0.955189415,0.038137023,0.667450167,0.347393993,0.299801991
it's time to go - bonus track,100883759,137357,evermore,6AORtDjduMM3bupSWzbTSG,7/01/2021,17,1kdWw77ZpYOkhxeuhzU1j6,FALSE,spotify:track:1kdWw77ZpYOkhxeuhzU1j6,0.801,0.592,0.41,1.39E-05,0.09,-12.426,0.0397,151.923,0.416,73,254640,0.350961538,0.533639144,0.34363103,0.018674767,0.595266331,0.418065371,0.323510258
Long Live,98332703,34681,Speak Now,34htrbhergrgerhrh,25/10/2010,14,6XDBA3QWX51lDJ0oZbaJJN,FALSE,spotify:track:6XDBA3QWX51lDJ0oZbaJJN,0.036,0.418,0.68,7.59E-05,0.108,-4.3,0.0346,204.125,0.142,52,317946,0.675480769,0.267584098,0.850777008,0.012937338,0.965963883,0.115503534,0.443006722
Begin Again (Taylor's Version),94552863,116496,Red (Taylor's Version),6kZ42qRrzov54LcAk4onW9,12/11/2021,16,05GsNucq8Bngd9fnd4fRa0,FALSE,spotify:track:05GsNucq8Bngd9fnd4fRa0,0.075,0.519,0.527,0,0.132,-7.673,0.0274,78.915,0.267,73,238866,0.491586538,0.422018349,0.640267116,0.00483744,0.076820929,0.253533569,0.293735241
Fifteen (Taylor's Version),93512588,113960,Fearless (Taylor's Version),4hDok0OAJd57SGIT8xuWJH,9/04/2021,2,2nqio0SfWg6gh2eCtfuMa5,FALSE,spotify:track:2nqio0SfWg6gh2eCtfuMa5,0.116,0.559,0.646,0,0.32,-4.61,0.0272,95.466,0.289,73,294419,0.634615385,0.483180428,0.83142982,0.004612442,0.194353115,0.277826855,0.398597135
New Romantics (Taylor's Version),92537355,427966,1989 (Taylor's Version),1o59UpKw81iHR0HPiSkJR0,26/10/2023,16,2vPMoMDXxu9uX1igWZmXSG,FALSE,spotify:track:2vPMoMDXxu9uX1igWZmXSG,0.0068,0.651,0.855,9.81E-06,0.0759,-5.959,0.0538,121.98,0.698,82,230177,0.885817308,0.623853211,0.747238345,0.034537068,0.382634692,0.729461131,0.277333877
Dear John (Taylor's Version),92488765,218972,Speak Now (Taylor's Version),5AEDGbliTTfjOB8TSm1sxt,7/07/2023,5,1zU8j1x3yi9xalMF96pzKp,FALSE,spotify:track:1zU8j1x3yi9xalMF96pzKp,0.0236,0.419,0.47,0,0.163,-5.016,0.0296,119.294,0.133,77,405906,0.423076923,0.26911315,0.806091244,0.007312409,0.363560833,0.105565371,0.609040098
Welcome To New York (Taylor's Version),89934456,361216,1989 (Taylor's Version),1o59UpKw81iHR0HPiSkJR0,26/10/2023,1,1hR8BSuEqPCCZfv93zzzz9,FALSE,spotify:track:1hR8BSuEqPCCZfv93zzzz9,0.00961,0.761,0.607,2.24E-05,0.367,-4.83,0.0312,116.98,0.674,80,212600,0.587740385,0.79204893,0.817699557,0.009112386,0.347128624,0.702959364,0.244155516
Sad Beautiful Tragic (Taylor's Version),89838369,104927,Red (Taylor's Version),6kZ42qRrzov54LcAk4onW9,12/11/2021,12,73qMN9bXy7MSPwwGfH3wQr,FALSE,spotify:track:73qMN9bXy7MSPwwGfH3wQr,0.622,0.601,0.406,9.19E-05,0.133,-11.827,0.0275,130.059,0.232,72,284773,0.346153846,0.547400612,0.381014791,0.004949938,0.440005397,0.214885159,0.380389337
White Horse (Taylor's Version),89673856,162972,Fearless (Taylor's Version),4hDok0OAJd57SGIT8xuWJH,9/04/2021,5,5YL553x8sHderRBDlm3NM3,FALSE,spotify:track:5YL553x8sHderRBDlm3NM3,0.369,0.423,0.517,0,0.177,-7.377,0.0486,185.262,0.366,74,234515,0.479567308,0.275229358,0.65874056,0.028687141,0.832013691,0.362853357,0.28552229
Speak Now (Taylor's Version),89415534,181869,Speak Now (Taylor's Version),5AEDGbliTTfjOB8TSm1sxt,7/07/2023,4,5xXqyjLicvEpch72qEryFT,FALSE,spotify:track:5xXqyjLicvEpch72qEryFT,0.248,0.727,0.677,0,0.143,-2.871,0.0325,118.995,0.639,76,242473,0.671875,0.740061162,0.939961306,0.010574868,0.36143757,0.664310954,0.300543818
Suburban Legends (Taylor's Version) (From The Vault),89324780,264150,1989 (Taylor's Version),1o59UpKw81iHR0HPiSkJR0,26/10/2023,20,6T0sEnqjmHISIKwFETeeiP,FALSE,spotify:track:6T0sEnqjmHISIKwFETeeiP,0.198,0.699,0.621,0,0.104,-8.739,0.0369,118.048,0.344,78,171818,0.604567308,0.697247706,0.573737752,0.015524806,0.35471272,0.338560071,0.167175375
Forever Winter (Taylor's Version) (From The Vault),87174702,97035,Red (Taylor's Version),6kZ42qRrzov54LcAk4onW9,12/11/2021,27,3oGVx9RBmiYGv5ZCecWLkx,FALSE,spotify:track:3oGVx9RBmiYGv5ZCecWLkx,0.256,0.611,0.552,0,0.134,-5.828,0.031,116.012,0.41,70,263533,0.521634615,0.562691131,0.755414092,0.008887389,0.34025465,0.411439929,0.340296693
Shake It Off (Taylor's Version),87126963,446808,1989 (Taylor's Version),1o59UpKw81iHR0HPiSkJR0,26/10/2023,6,3pv7Q5v2dpdefwdWIvE7yH,FALSE,spotify:track:3pv7Q5v2dpdefwdWIvE7yH,0.0103,0.632,0.807,1.27E-05,0.29,-5.676,0.0738,160.055,0.921,82,219209,0.828125,0.594801223,0.764900456,0.057036787,0.6530134,0.975706714,0.25663067
I Almost Do (Taylor's Version),86389430,89007,Red (Taylor's Version),6kZ42qRrzov54LcAk4onW9,12/11/2021,7,2r9CbjYgFhtAmcFv1cSquB,FALSE,spotify:track:2r9CbjYgFhtAmcFv1cSquB,0.0167,0.511,0.559,0,0.113,-6.587,0.0264,145.88,0.248,71,244586,0.530048077,0.409785933,0.708044686,0.003712454,0.552353697,0.232553004,0.304532319
Mean (Taylor's Version),84609718,211404,Speak Now (Taylor's Version),5AEDGbliTTfjOB8TSm1sxt,7/07/2023,6,30Y4CV7A6YqtQtTTo7Ue4j,FALSE,spotify:track:30Y4CV7A6YqtQtTTo7Ue4j,0.311,0.524,0.692,0,0.192,-3.866,0.0369,163.874,0.621,77,238693,0.689903846,0.429663609,0.877863072,0.015524806,0.680132935,0.644434629,0.293408686
Never Grow Up,83858286,27558,Speak Now,34htrbhergrgerhrh,25/10/2010,8,1wJL1A0QUHJPf2cm7tsrdw,FALSE,spotify:track:1wJL1A0QUHJPf2cm7tsrdw,0.819,0.714,0.305,0,0.174,-8.837,0.0305,124.91,0.554,52,290466,0.224759615,0.720183486,0.567621544,0.008324896,0.403441248,0.57045053,0.391135449
Stay Stay Stay (Taylor's Version),83598265,81391,Red (Taylor's Version),6kZ42qRrzov54LcAk4onW9,12/11/2021,9,7eQj6r5PIdYKEIZjucBMcq,FALSE,spotify:track:7eQj6r5PIdYKEIZjucBMcq,0.0848,0.693,0.681,0,0.0768,-7.039,0.025,100.02,0.663,70,205786,0.676682692,0.688073394,0.679835237,0.002137473,0.226692042,0.690812721,0.231293403
Hey Stephen (Taylor's Version),83164370,95607,Fearless (Taylor's Version),4hDok0OAJd57SGIT8xuWJH,9/04/2021,4,550erGcdD9n6PnwxrvYqZT,FALSE,spotify:track:550erGcdD9n6PnwxrvYqZT,0.106,0.788,0.571,0,0.0934,-6.135,0.0296,115.99,0.797,71,254254,0.544471154,0.833333333,0.736254135,0.007312409,0.340098423,0.838780919,0.322781644
Karma (feat. Ice Spice),82714915,110826,Midnights,1fnJ7k0bllNfL1kVdNVW1A,26/05/2023,23,4i6cwNY6oIUU2XZxPIw82Y,TRUE,spotify:track:4i6cwNY6oIUU2XZxPIw82Y,0.0623,0.615,0.616,0,0.579,-6.523,0.0622,89.977,0.0734,73,201493,0.598557692,0.568807339,0.712038944,0.04398695,0.155374554,0.03975265,0.223189932
The Story Of Us (Taylor's Version),82683515,194478,Speak Now (Taylor's Version),5AEDGbliTTfjOB8TSm1sxt,7/07/2023,7,6dTA6y0C2ReQklntzZl8l3,FALSE,spotify:track:6dTA6y0C2ReQklntzZl8l3,0.00192,0.515,0.781,0,0.054,-2.608,0.0535,139.846,0.57,76,267653,0.796875,0.415902141,0.956375211,0.034199573,0.509504974,0.588118375,0.348073609
Holy Ground (Taylor's Version),80682548,94607,Red (Taylor's Version),6kZ42qRrzov54LcAk4onW9,12/11/2021,11,7J4b3LVCIGO4CMBDFLPoP6,FALSE,spotify:track:7J4b3LVCIGO4CMBDFLPoP6,0.0288,0.622,0.809,0.00218,0.109,-5.623,0.0638,156.894,0.511,71,202960,0.830528846,0.579510703,0.768208201,0.045786928,0.630566464,0.522968198,0.225959043
Foolish One (Taylor's Version) (From The Vault),79128041,220843,Speak Now (Taylor's Version),5AEDGbliTTfjOB8TSm1sxt,7/07/2023,21,4s8BIKx4Zh6ryAEz8RTlaU,FALSE,spotify:track:4s8BIKx4Zh6ryAEz8RTlaU,0.617,0.671,0.588,0,0.111,-4.675,0.0299,96.965,0.543,76,311765,0.564903846,0.654434251,0.827373151,0.007649904,0.204997834,0.558303887,0.43133946
All You Had To Do Was Stay (Taylor's Version),78199618,317578,1989 (Taylor's Version),1o59UpKw81iHR0HPiSkJR0,26/10/2023,5,6GXgd1BPD9bUpqw5AntGV5,FALSE,spotify:track:6GXgd1BPD9bUpqw5AntGV5,0.000718,0.586,0.72,0,0.0949,-5.556,0.035,97.057,0.481,79,193289,0.723557692,0.524464832,0.77238969,0.013387333,0.205651146,0.489840989,0.207704054
Clean (Taylor's Version),76090397,340740,1989 (Taylor's Version),1o59UpKw81iHR0HPiSkJR0,26/10/2023,13,2ByBBvpR9b7IynvRmnG7kG,FALSE,spotify:track:2ByBBvpR9b7IynvRmnG7kG,0.276,0.771,0.386,2.01E-05,0.121,-8.917,0.0297,103.96,0.239,79,271000,0.322115385,0.80733945,0.562628721,0.007424907,0.254670823,0.222614841,0.354391409
Back To December - Acoustic,74977599,13299,Speak Now,34htrbhergrgerhrh,25/10/2010,18,6IH2Z54gYPLqgJtxZjX80i,FALSE,spotify:track:6IH2Z54gYPLqgJtxZjX80i,0.748,0.541,0.453,0,0.2,-6.459,0.0266,141.757,0.377,49,292560,0.402644231,0.455657492,0.716033202,0.003937451,0.523075394,0.375,0.395088085
Electric Touch (feat. Fall Out Boy) (Taylor's Version) (From The Vault),74592710,155129,Speak Now (Taylor's Version),5AEDGbliTTfjOB8TSm1sxt,7/07/2023,17,4e3ZNTAV6PCrdYMUrUlMpQ,FALSE,spotify:track:4e3ZNTAV6PCrdYMUrUlMpQ,0.0164,0.547,0.855,0,0.144,-4.7,0.0597,131.073,0.282,75,266466,0.885817308,0.464831804,0.825812894,0.041174485,0.447206028,0.270097173,0.345833027
That's When (feat. Keith Urban) (Taylor's Version) (From The Vault),73748045,81328,Fearless (Taylor's Version),4hDok0OAJd57SGIT8xuWJH,9/04/2021,24,7eResoqEJJAVTkQYSqvO3P,FALSE,spotify:track:7eResoqEJJAVTkQYSqvO3P,0.225,0.588,0.608,0,0.092,-7.062,0.0365,90.201,0.508,70,189495,0.588942308,0.527522936,0.6783998,0.015074812,0.156965225,0.519655477,0.200542497
Castles Crumbling (feat. Hayley Williams) (Taylor's Version) (From The Vault),72824205,141678,Speak Now (Taylor's Version),5AEDGbliTTfjOB8TSm1sxt,7/07/2023,20,4ABYxlb92WBIjHu7TIKmml,FALSE,spotify:track:4ABYxlb92WBIjHu7TIKmml,0.362,0.576,0.57,0,0.0668,-7.925,0.0434,147.803,0.378,74,306062,0.543269231,0.509174312,0.624539724,0.022837215,0.566009331,0.37610424,0.420574472
Timeless (Taylor's Version) (From The Vault),72822086,166452,Speak Now (Taylor's Version),5AEDGbliTTfjOB8TSm1sxt,7/07/2023,22,1HCdems7PQZRj42QDWLA0A,FALSE,spotify:track:1HCdems7PQZRj42QDWLA0A,0.3,0.624,0.585,0,0.0916,-5.847,0.0328,142.883,0.65,75,321396,0.561298077,0.582568807,0.754228297,0.010912364,0.53107136,0.676457597,0.449518945
The Lucky One (Taylor's Version),72411185,72470,Red (Taylor's Version),6kZ42qRrzov54LcAk4onW9,12/11/2021,13,4e5ayHsOLJNLTGfjau2mEw,FALSE,spotify:track:4e5ayHsOLJNLTGfjau2mEw,0.066,0.686,0.571,0,0.0608,-7.138,0.05,117.889,0.538,69,240466,0.544471154,0.677370031,0.673656619,0.030262122,0.353583627,0.552782686,0.296755403
When Emma Falls in Love (Taylor's Version) (From The Vault),71369764,130680,Speak Now (Taylor's Version),5AEDGbliTTfjOB8TSm1sxt,7/07/2023,18,0zo975x58DlXbZllWvfYhg,FALSE,spotify:track:0zo975x58DlXbZllWvfYhg,0.159,0.474,0.763,0,0.138,-4.632,0.0505,78.133,0.231,74,252385,0.775240385,0.353211009,0.830056793,0.030824615,0.07126778,0.213780919,0.319253718
Ours,70749242,15358,Speak Now,34htrbhergrgerhrh,25/10/2010,15,1EQn3Uc5AyUXoiPLeyCrrg,FALSE,spotify:track:1EQn3Uc5AyUXoiPLeyCrrg,0.537,0.608,0.569,0,0.097,-7.227,0.0284,159.845,0.238,53,237920,0.542067308,0.558103976,0.668102103,0.005962425,0.651522145,0.221510601,0.291949571
The Way I Loved You,68817200,21805,Fearless,5eyZZoQEFQ34gergerhrh,11/11/2008,10,5P4wWhUYWM0IaVYLuZxdar,FALSE,spotify:track:5P4wWhUYWM0IaVYLuZxdar,0.0408,0.433,0.7,0,0.115,-3.709,0.0336,160.927,0.398,53,244226,0.699519231,0.290519878,0.887661487,0.011812352,0.659205658,0.398189046,0.303852782
I Wish You Would (Taylor's Version),68534545,284041,1989 (Taylor's Version),1o59UpKw81iHR0HPiSkJR0,26/10/2023,7,43y1WpBdnEy5TR9aZoSQL9,FALSE,spotify:track:43y1WpBdnEy5TR9aZoSQL9,0.00357,0.669,0.851,1.04E-05,0.0676,-6.526,0.0432,118.026,0.541,78,207650,0.881009615,0.651376147,0.711851713,0.022612217,0.354556494,0.556095406,0.234811891
Breathe,67461012,13651,Fearless,5eyZZoQEFQ34gergerhrh,11/11/2008,7,49mWEy5MgtNujgT7xU3emT,FALSE,spotify:track:49mWEy5MgtNujgT7xU3emT,0.379,0.505,0.482,0,0.113,-7.372,0.0276,73.975,0.184,46,263973,0.4375,0.400611621,0.659052612,0.005062437,0.041740934,0.161881625,0.341127238
You're Not Sorry (Taylor's Version),67253468,89567,Fearless (Taylor's Version),4hDok0OAJd57SGIT8xuWJH,9/04/2021,9,6iiAfo4wTA2CVC3Uwx9uh8,FALSE,spotify:track:6iiAfo4wTA2CVC3Uwx9uh8,0.0538,0.506,0.444,0,0.123,-4.99,0.0285,133.873,0.241,71,261842,0.391826923,0.402140673,0.807713911,0.006074924,0.467089426,0.224823322,0.33710476
Last Kiss (Taylor's Version),66700480,170837,Speak Now (Taylor's Version),5AEDGbliTTfjOB8TSm1sxt,7/07/2023,13,59KOoHFcw5XfICnO57holu,FALSE,spotify:track:59KOoHFcw5XfICnO57holu,0.447,0.55,0.366,4.43E-06,0.101,-8.46,0.0276,79.401,0.16,75,369120,0.298076923,0.46941896,0.591150222,0.005062437,0.080272119,0.135379859,0.539602811
Haunted (Taylor's Version),66647866,166377,Speak Now (Taylor's Version),5AEDGbliTTfjOB8TSm1sxt,7/07/2023,12,4tMzIAFTFdqGBQLdfbPces,FALSE,spotify:track:4tMzIAFTFdqGBQLdfbPces,0.00667,0.427,0.915,0,0.221,-1.909,0.0619,162.201,0.355,75,245413,0.957932692,0.281345566,1,0.043649454,0.668252604,0.350706714,0.306093365
The Moment I Knew (Taylor's Version),66521707,73564,Red (Taylor's Version),6kZ42qRrzov54LcAk4onW9,12/11/2021,17,0NRHj8hDwwmSPaA41o379r,FALSE,spotify:track:0NRHj8hDwwmSPaA41o379r,0.0494,0.636,0.402,0,0.107,-7.855,0.031,125.952,0.208,69,285280,0.341346154,0.600917431,0.628908444,0.008887389,0.410840713,0.188383392,0.38134635
The Other Side Of The Door (Taylor's Version),66356140,90830,Fearless (Taylor's Version),4hDok0OAJd57SGIT8xuWJH,9/04/2021,19,1cSFlSBdpT4F5vb1frQ231,FALSE,spotify:track:1cSFlSBdpT4F5vb1frQ231,0.0279,0.432,0.873,0,0.167,-4.367,0.0577,163.936,0.629,70,238443,0.907451923,0.288990826,0.846595519,0.038924513,0.68057321,0.653268551,0.292936786
Bad Blood (Taylor's Version),66170118,294481,1989 (Taylor's Version),1o59UpKw81iHR0HPiSkJR0,26/10/2023,8,64FzgoLZ3oXu2SriZblHic,FALSE,spotify:track:64FzgoLZ3oXu2SriZblHic,0.0385,0.619,0.686,0,0.307,-6.369,0.164,169.943,0.364,78,211103,0.682692308,0.574923547,0.721650128,0.158510519,0.7232302,0.360644876,0.241329777
Don't You (Taylor's Version) (From The Vault),66160692,80412,Fearless (Taylor's Version),4hDok0OAJd57SGIT8xuWJH,9/04/2021,25,4uuEGH5SVuzkkSFjo2DEiY,FALSE,spotify:track:4uuEGH5SVuzkkSFjo2DEiY,0.514,0.563,0.473,1.20E-05,0.109,-11.548,0.0503,101.934,0.405,70,208608,0.426682692,0.489296636,0.398427261,0.030599618,0.240283764,0.405918728,0.236620213
Starlight (Taylor's Version),66077259,80218,Red (Taylor's Version),6kZ42qRrzov54LcAk4onW9,12/11/2021,15,7A2cNLRT0YJc1yjxHlKihs,FALSE,spotify:track:7A2cNLRT0YJc1yjxHlKihs,0.00324,0.628,0.685,0,0.18,-5.864,0.0358,126.014,0.605,69,220413,0.681490385,0.588685015,0.753167322,0.014287321,0.411280988,0.626766784,0.258903342
The Last Time,65894493,10733,Red,523543fewrgQEFQ34gergerhrh,22/10/2012,10,3n9mzjgAzjyKawvbHzciXF,FALSE,spotify:track:3n9mzjgAzjyKawvbHzciXF,0.035,0.505,0.443,3.15E-06,0.0921,-7.039,0.0276,94.069,0.123,40,298293,0.390625,0.400611621,0.679835237,0.005062437,0.18443272,0.094522968,0.405909701
Breathe (feat. Colbie Caillat) (Taylor's Version),62243856,72034,Fearless (Taylor's Version),4hDok0OAJd57SGIT8xuWJH,9/04/2021,7,7HC7R2D8WjXVcUHJyEGjRs,FALSE,spotify:track:7HC7R2D8WjXVcUHJyEGjRs,0.156,0.506,0.626,0,0.228,-6.066,0.0287,148.035,0.321,69,263377,0.610576923,0.402140673,0.740560444,0.006299921,0.567656813,0.313162544,0.340002227
I Almost Do,61521479,8723,Red,523543fewrgQEFQ34gergerhrh,22/10/2012,7,5VwFkx7JOimOGTYfha5rs1,FALSE,spotify:track:5VwFkx7JOimOGTYfha5rs1,0.0173,0.567,0.481,4.13E-05,0.182,-7.357,0.027,145.865,0.233,43,242573,0.436298077,0.495412844,0.659988766,0.004387445,0.552247179,0.215989399,0.300732578
State Of Grace,60465191,10224,Red,523543fewrgQEFQ34gergerhrh,22/10/2012,1,786NsUYn4GGUf8AOt0SQhP,FALSE,spotify:track:786NsUYn4GGUf8AOt0SQhP,0.000197,0.588,0.825,0.00138,0.0885,-5.882,0.0328,129.968,0.397,42,295186,0.849759615,0.527522936,0.752043937,0.010912364,0.439359186,0.397084806,0.400044925
You Are In Love (Taylor's Version),59887979,236265,1989 (Taylor's Version),1o59UpKw81iHR0HPiSkJR0,26/10/2023,15,4UwqOWDpdeIDVQDuKT6iza,FALSE,spotify:track:4UwqOWDpdeIDVQDuKT6iza,0.609,0.537,0.495,2.49E-06,0.112,-9.416,0.0573,84.948,0.492,76,267389,0.453125,0.449541284,0.531485989,0.038474519,0.11966255,0.501987633,0.347575282
I Know Places (Taylor's Version),59748626,204841,1989 (Taylor's Version),1o59UpKw81iHR0HPiSkJR0,26/10/2023,12,2f0GI2ZLUtbGqFx8t2Gk6A,FALSE,spotify:track:2f0GI2ZLUtbGqFx8t2Gk6A,0.087,0.575,0.803,0,0.0971,-5.393,0.0465,160.039,0.68,76,195700,0.823317308,0.50764526,0.782562566,0.026324671,0.652899781,0.709584806,0.21225506
Wonderland (Taylor's Version),58880444,208145,1989 (Taylor's Version),1o59UpKw81iHR0HPiSkJR0,26/10/2023,14,2ve0kuaWUCt4Zx8x4bf1MR,FALSE,spotify:track:2ve0kuaWUCt4Zx8x4bf1MR,0.00933,0.462,0.708,1.88E-05,0.198,-5.971,0.0555,183.811,0.337,76,245566,0.709134615,0.334862385,0.746489421,0.036449544,0.82170983,0.330830389,0.306382167
How You Get The Girl (Taylor's Version),58059247,210741,1989 (Taylor's Version),1o59UpKw81iHR0HPiSkJR0,26/10/2023,10,75W3SngKzTuoQ94uLf3y82,FALSE,spotify:track:75W3SngKzTuoQ94uLf3y82,0.00209,0.754,0.682,9.88E-06,0.0941,-5.789,0.0565,120.027,0.547,76,247533,0.677884615,0.781345566,0.757848093,0.03757453,0.368766022,0.562720848,0.310095078
Stay Stay Stay,56786834,8839,Red,523543fewrgQEFQ34gergerhrh,22/10/2012,9,1qLeEu4iXEclkLwoBlMiou,FALSE,spotify:track:1qLeEu4iXEclkLwoBlMiou,0.307,0.729,0.748,1.29E-06,0.09,-6.67,0.0245,99.981,0.928,42,204826,0.757211538,0.743119266,0.702864632,0.00157498,0.226415094,0.983436396,0.229481306
We Were Happy (Taylor's Version) (From The Vault),55848597,65007,Fearless (Taylor's Version),4hDok0OAJd57SGIT8xuWJH,9/04/2021,23,34V9RiEPe8MNdU32qJsJa1,FALSE,spotify:track:34V9RiEPe8MNdU32qJsJa1,0.849,0.609,0.373,0,0.0779,-8.819,0.0263,106.007,0.13,68,244236,0.306490385,0.559633028,0.568744929,0.003599955,0.269207007,0.10225265,0.303871658
Girl At Home (Taylor's Version),54920631,58127,Red (Taylor's Version),6kZ42qRrzov54LcAk4onW9,12/11/2021,19,0DMVrlMUn01M0IcpDbwgu7,FALSE,spotify:track:0DMVrlMUn01M0IcpDbwgu7,0.00955,0.691,0.736,1.88E-05,0.101,-6.974,0.0326,125.089,0.612,68,220520,0.742788462,0.685015291,0.683891905,0.010687366,0.404712365,0.634496466,0.259105315
Treacherous,54694661,7946,Red,523543fewrgQEFQ34gergerhrh,22/10/2012,3,5kYFVSQoPu7yRpfiHBwMUk,FALSE,spotify:track:5kYFVSQoPu7yRpfiHBwMUk,0.101,0.705,0.621,4.30E-06,0.147,-8.086,0.0334,109.993,0.395,41,240773,0.604567308,0.706422018,0.614491668,0.011587355,0.297512445,0.394876325,0.297334896
Holy Ground,53801106,8058,Red,523543fewrgQEFQ34gergerhrh,22/10/2012,11,1fGsZsIkQkOspfsT24nQP6,FALSE,spotify:track:1fGsZsIkQkOspfsT24nQP6,0.0162,0.627,0.816,0.00208,0.0966,-6.698,0.0774,157.043,0.648,40,201853,0.838942308,0.587155963,0.701117144,0.061086736,0.631624545,0.674249117,0.223869469
Tell Me Why (Taylor's Version),53443734,73083,Fearless (Taylor's Version),4hDok0OAJd57SGIT8xuWJH,9/04/2021,8,0k0vFacOHNuArLWMiH60p7,FALSE,spotify:track:0k0vFacOHNuArLWMiH60p7,0.0222,0.578,0.909,0,0.333,-3.669,0.0628,100.023,0.541,68,200575,0.950721154,0.512232416,0.890157898,0.044661942,0.226713345,0.556095406,0.221457115
Forever & Always,52889811,13122,Fearless,5eyZZoQEFQ34gergerhrh,11/11/2008,11,47HtKpfzpAt8rQjjXWotFj,FALSE,spotify:track:47HtKpfzpAt8rQjjXWotFj,0.0752,0.608,0.821,0,0.11,-4.985,0.0576,128.042,0.544,49,225320,0.844951923,0.558103976,0.808025963,0.038812015,0.425682249,0.559408127,0.268165799
Untouchable (Taylor's Version),52772261,70958,Fearless (Taylor's Version),4hDok0OAJd57SGIT8xuWJH,9/04/2021,15,0tQ9vBYpldCuikPsbgOVKA,FALSE,spotify:track:0tQ9vBYpldCuikPsbgOVKA,0.0181,0.393,0.531,0,0.169,-6.112,0.0329,200.391,0.224,69,312107,0.496394231,0.229357798,0.737689571,0.011024862,0.939447952,0.206051237,0.43198502
Jump Then Fall (Taylor's Version),52114781,67294,Fearless (Taylor's Version),4hDok0OAJd57SGIT8xuWJH,9/04/2021,14,2m3ObD945KvpE5y9A1eUWm,FALSE,spotify:track:2m3ObD945KvpE5y9A1eUWm,0.0474,0.572,0.69,0,0.0897,-6.201,0.0358,160.111,0.624,69,237580,0.6875,0.503058104,0.732135056,0.014287321,0.653411068,0.64774735,0.291307787
Bye Bye Baby (Taylor's Version) (From The Vault),51990209,62529,Fearless (Taylor's Version),4hDok0OAJd57SGIT8xuWJH,9/04/2021,26,4qUijfYU8EoIWiY6oSyrgT,FALSE,spotify:track:4qUijfYU8EoIWiY6oSyrgT,0.334,0.624,0.624,0,0.0995,-7.86,0.0539,80.132,0.527,68,242157,0.608173077,0.582568807,0.628596393,0.034649567,0.085463106,0.540636042,0.299947336
Mine - POP Mix,51419098,10439,Speak Now,34htrbhergrgerhrh,25/10/2010,20,0fAbfDiuQiUwV7FUcFfRGY,FALSE,spotify:track:0fAbfDiuQiUwV7FUcFfRGY,0.00727,0.695,0.723,1.20E-06,0.1,-3.806,0.0285,121.011,0.679,45,230333,0.727163462,0.691131498,0.881607689,0.006074924,0.375753616,0.708480565,0.277628343
Innocent,51323307,10613,Speak Now,34htrbhergrgerhrh,25/10/2010,11,5GPwN5iZ9ZMSXAkppj4Uvv,FALSE,spotify:track:5GPwN5iZ9ZMSXAkppj4Uvv,0.186,0.552,0.608,0,0.125,-5.29,0.0259,134.05,0.17,46,302253,0.588942308,0.472477064,0.788990826,0.003149961,0.46834634,0.146422261,0.413384601
Bad Blood (feat. Kendrick Lamar) (Taylor's Version),50301617,219687,1989 (Taylor's Version),1o59UpKw81iHR0HPiSkJR0,27/10/2023,22,6qAcApH8obo8eqatCKUHd9,FALSE,spotify:track:6qAcApH8obo8eqatCKUHd9,0.0104,0.602,0.648,0,0.217,-6.905,0.103,170.091,0.174,78,199773,0.637019231,0.548929664,0.688198215,0.089886376,0.72428118,0.150839223,0.219943259
Today Was A Fairytale (Taylor's Version),49738292,64174,Fearless (Taylor's Version),4hDok0OAJd57SGIT8xuWJH,9/04/2021,20,2JoJrsEV15OzbijS47lids,FALSE,spotify:track:2JoJrsEV15OzbijS47lids,0.0135,0.482,0.779,0,0.296,-5.025,0.0409,158.162,0.328,68,241822,0.794471154,0.365443425,0.805529551,0.02002475,0.639570803,0.320892226,0.29931499
State Of Grace (Acoustic Version) (Taylor's Version),49343352,51463,Red (Taylor's Version),6kZ42qRrzov54LcAk4onW9,12/11/2021,20,5jAIouBES8LWMiriuNq170,FALSE,spotify:track:5jAIouBES8LWMiriuNq170,0.663,0.445,0.131,1.57E-06,0.108,-13.778,0.0564,208.918,0.101,67,321640,0.015625,0.308868502,0.259252325,0.037462032,1,0.070229682,0.44997952
Never Grow Up (Taylor's Version),49256842,103078,Speak Now (Taylor's Version),5AEDGbliTTfjOB8TSm1sxt,7/07/2023,8,2EFZ9emtKWEglWUQGEQ3P9,FALSE,spotify:track:2EFZ9emtKWEglWUQGEQ3P9,0.851,0.685,0.323,0,0.198,-7.103,0.0289,125.058,0.569,72,292920,0.246394231,0.675840979,0.675840979,0.006524918,0.404492228,0.587014134,0.395767621
The Best Day (Taylor's Version),48578381,58495,Fearless (Taylor's Version),4hDok0OAJd57SGIT8xuWJH,9/04/2021,12,6ON9UuIq49xXY9GPmHIYRp,FALSE,spotify:track:6ON9UuIq49xXY9GPmHIYRp,0.488,0.642,0.576,0,0.159,-8.524,0.0282,125,0.469,68,245290,0.550480769,0.610091743,0.587155963,0.005737428,0.404080357,0.476590106,0.30586119
Hey Stephen,48457298,12449,Fearless,5eyZZoQEFQ34gergerhrh,11/11/2008,4,4WXzzCof26KJLTK5kK53dS,FALSE,spotify:track:4WXzzCof26KJLTK5kK53dS,0.194,0.841,0.544,2.48E-06,0.108,-7.347,0.0309,115.994,0.831,49,254306,0.512019231,0.914373089,0.660612869,0.00877489,0.340126828,0.876325088,0.322879799
Forever & Always (Piano Version) (Taylor's Version),48417821,60606,Fearless (Taylor's Version),4hDok0OAJd57SGIT8xuWJH,9/04/2021,16,01QdEx6kFr78ZejhQtWR5m,FALSE,spotify:track:01QdEx6kFr78ZejhQtWR5m,0.819,0.546,0.273,0,0.137,-9.208,0.0308,118.753,0.271,68,267833,0.186298077,0.463302752,0.544467328,0.008662392,0.359719076,0.25795053,0.348413377
I'm Only Me When I'm With You,48246745,47066,Taylor Swift,5eyZZoQEFQWRHkV2xgAeBw,24/10/2006,12,0JIdBrXGSJXS72zjF9ss9u,FALSE,spotify:track:0JIdBrXGSJXS72zjF9ss9u,0.00452,0.563,0.934,0.000807,0.103,-3.629,0.0646,143.964,0.518,62,213053,0.980769231,0.489296636,0.892654309,0.046686916,0.538747772,0.53069788,0.245010599
Sparks Fly (Taylor's Version),46971856,248678,Speak Now (Taylor's Version),5AEDGbliTTfjOB8TSm1sxt,7/07/2023,2,3MytWN8L7shNYzGl4tAKRp,FALSE,spotify:track:3MytWN8L7shNYzGl4tAKRp,0.0251,0.588,0.758,0,0.131,-2.347,0.0305,114.991,0.387,78,261230,0.769230769,0.527522936,0.972664295,0.008324896,0.33300431,0.386042403,0.335949548
Ours (Taylor's Version),46971856,112712,Speak Now (Taylor's Version),5AEDGbliTTfjOB8TSm1sxt,7/07/2023,15,3yNJkriPzWjkkDAWHIAVUq,FALSE,spotify:track:3yNJkriPzWjkkDAWHIAVUq,0.449,0.535,0.488,0,0.111,-8.261,0.0278,159.813,0.348,72,235803,0.444711538,0.44648318,0.603569868,0.005287434,0.651294906,0.342977032,0.28795352
You're Not Sorry,45578626,10616,Fearless,5eyZZoQEFQ34gergerhrh,11/11/2008,9,0HmCuN0Z3OX1Qrz43FLOPL,FALSE,spotify:track:0HmCuN0Z3OX1Qrz43FLOPL,0.146,0.475,0.452,1.36E-06,0.108,-4.134,0.027,133.959,0.276,47,261786,0.401442308,0.354740061,0.861137115,0.004387445,0.46770013,0.263471731,0.336999054
The Lucky One,43436858,6380,Red,523543fewrgQEFQ34gergerhrh,22/10/2012,13,2X2J0BhxaLTmnxO4pPUhSd,FALSE,spotify:track:2X2J0BhxaLTmnxO4pPUhSd,0.0371,0.706,0.499,0,0.132,-7.675,0.0369,117.937,0.545,39,240133,0.457932692,0.70795107,0.640142295,0.015524806,0.353924486,0.560512367,0.296126832
If This Was A Movie,43129825,11458,Speak Now,34htrbhergrgerhrh,25/10/2010,16,0vvt4IZOMkRug195S4MUq0,FALSE,spotify:track:0vvt4IZOMkRug195S4MUq0,0.166,0.511,0.719,4.54E-06,0.34,-3.457,0.0265,147.852,0.289,49,234546,0.722355769,0.409785933,0.903388878,0.003824952,0.56635729,0.277826855,0.285580805
Starlight,43093816,7332,Red,523543fewrgQEFQ34gergerhrh,22/10/2012,15,7MecVsMj22MneZt7kVFaCr,FALSE,spotify:track:7MecVsMj22MneZt7kVFaCr,0.0213,0.649,0.777,0.000335,0.221,-5.804,0.0406,126.018,0.587,39,217826,0.792067308,0.620795107,0.756911939,0.019687254,0.411309393,0.606890459,0.254020118
Mary's Song (Oh My My My),42757349,44304,Taylor Swift,5eyZZoQEFQWRHkV2xgAeBw,24/10/2006,10,2QrQCMel6v2JiLxqrg4p2O,FALSE,spotify:track:2QrQCMel6v2JiLxqrg4p2O,0.0177,0.403,0.627,0,0.182,-5.28,0.0292,74.9,0.374,61,213080,0.611778846,0.244648318,0.789614929,0.006862414,0.048309556,0.371687279,0.245061564
Come Back...Be Here,41945607,7222,Red,523543fewrgQEFQ34gergerhrh,22/10/2012,18,4qyalTRMRH5YuEntvvMvq0,FALSE,spotify:track:4qyalTRMRH5YuEntvvMvq0,0.00471,0.483,0.548,2.01E-06,0.0997,-6.291,0.0254,79.926,0.217,45,222706,0.516826923,0.366972477,0.72651813,0.002587468,0.084000256,0.198321555,0.263231611
Change (Taylor's Version),41698829,48587,Fearless (Taylor's Version),4hDok0OAJd57SGIT8xuWJH,9/04/2021,13,3ExweHKZF9B752DPQByRVT,FALSE,spotify:track:3ExweHKZF9B752DPQByRVT,0.000191,0.499,0.815,0,0.181,-4.063,0.0341,95.999,0.344,66,279359,0.837740385,0.391437309,0.865568246,0.012374845,0.198138062,0.338560071,0.370169865
Innocent (Taylor's Version),41469542,78734,Speak Now (Taylor's Version),5AEDGbliTTfjOB8TSm1sxt,7/07/2023,11,12nBPF4Rh4XLFJV0YLN7uj,FALSE,spotify:track:12nBPF4Rh4XLFJV0YLN7uj,0.101,0.522,0.598,0,0.152,-5.327,0.0284,133.627,0.149,70,301221,0.576923077,0.426605505,0.786681645,0.005962425,0.465342527,0.123233216,0.411436596
Ronan (Taylor's Version),41026110,45837,Red (Taylor's Version),6kZ42qRrzov54LcAk4onW9,12/11/2021,21,7nWui6jiMM2m9qFmET1Mtj,FALSE,spotify:track:7nWui6jiMM2m9qFmET1Mtj,0.661,0.623,0.279,0,0.193,-10.802,0.031,116.04,0.38,65,264253,0.193509615,0.581039755,0.444985334,0.008887389,0.340453484,0.378312721,0.341655766
Cold As You,40584325,43555,Taylor Swift,5eyZZoQEFQWRHkV2xgAeBw,24/10/2006,5,7an1exwMnfYRcdVQm0yDev,FALSE,spotify:track:7an1exwMnfYRcdVQm0yDev,0.217,0.418,0.482,0,0.123,-5.769,0.0266,175.558,0.261,60,239013,0.4375,0.267584098,0.759096299,0.003937451,0.763103514,0.246908127,0.294012719
Sad Beautiful Tragic,39357653,5476,Red,523543fewrgQEFQ34gergerhrh,22/10/2012,12,6LKjHhOW1az75pCQ9XJJtF,FALSE,spotify:track:6LKjHhOW1az75pCQ9XJJtF,0.632,0.624,0.34,0.0337,0.121,-12.411,0.029,129.987,0.261,38,283680,0.266826923,0.582568807,0.344567185,0.006637417,0.43949411,0.246908127,0.378326189
A Place in this World,39207205,42154,Taylor Swift,5eyZZoQEFQWRHkV2xgAeBw,24/10/2006,4,73OX8GdpOeGzKC6OvGSbsv,FALSE,spotify:track:73OX8GdpOeGzKC6OvGSbsv,0.051,0.576,0.777,0,0.32,-2.881,0.0324,115.028,0.428,60,199200,0.792067308,0.509174312,0.939337203,0.010462369,0.333267055,0.431316254,0.218861663
The Best Day,39077264,12136,Fearless,5eyZZoQEFQ34gergerhrh,11/11/2008,12,3esA216TyLHEkNiBCeCmcg,FALSE,spotify:track:3esA216TyLHEkNiBCeCmcg,0.647,0.666,0.434,1.95E-06,0.124,-8.543,0.0289,126.084,0.396,48,245333,0.379807692,0.646788991,0.585970168,0.006524918,0.411778073,0.395980565,0.305942356
Come In With The Rain (Taylor's Version),37985804,47330,Fearless (Taylor's Version),4hDok0OAJd57SGIT8xuWJH,9/04/2021,17,1n2wszmJyVkw6FHqyLnQsY,FALSE,spotify:track:1n2wszmJyVkw6FHqyLnQsY,0.0406,0.476,0.564,0,0.102,-5.677,0.0269,143.929,0.167,66,237338,0.536057692,0.356269113,0.764838045,0.004274947,0.53849923,0.143109541,0.290850987
Superman (Taylor's Version),35064149,69411,Speak Now (Taylor's Version),5AEDGbliTTfjOB8TSm1sxt,7/07/2023,16,4evLyY5Ue1Wesc61t2KXAU,FALSE,spotify:track:4evLyY5Ue1Wesc61t2KXAU,0.0031,0.533,0.742,0,0.108,-3.473,0.0303,131.93,0.356,69,274945,0.75,0.443425076,0.902390314,0.008099899,0.453291768,0.351810954,0.361837995
Superstar (Taylor's Version),34154021,40290,Fearless (Taylor's Version),4hDok0OAJd57SGIT8xuWJH,9/04/2021,18,51A8eKvvZz9uydvIZ7xRSV,FALSE,spotify:track:51A8eKvvZz9uydvIZ7xRSV,0.157,0.454,0.555,0,0.343,-6.69,0.0283,171.862,0.171,65,263865,0.525240385,0.322629969,0.701616426,0.005849927,0.736857429,0.147526502,0.340923377
Invisible,33176810,33313,Taylor Swift,5eyZZoQEFQWRHkV2xgAeBw,24/10/2006,13,5OOd01o2YS1QFwdpVLds3r,FALSE,spotify:track:5OOd01o2YS1QFwdpVLds3r,0.637,0.612,0.394,0,0.147,-5.723,0.0243,96.001,0.233,58,203226,0.331730769,0.564220183,0.761967172,0.001349983,0.198152264,0.215989399,0.226461145
Stay Beautiful,33105527,32996,Taylor Swift,5eyZZoQEFQWRHkV2xgAeBw,24/10/2006,8,2ZoOmCSgj0ypVAmGd1ve4y,FALSE,spotify:track:2ZoOmCSgj0ypVAmGd1ve4y,0.0868,0.594,0.629,0,0.137,-4.919,0.0246,131.597,0.504,59,236053,0.614182692,0.536697248,0.812145042,0.001687479,0.450927063,0.515238516,0.28842542
The Moment I Knew,31732863,3697,Red,523543fewrgQEFQ34gergerhrh,22/10/2012,17,5AsmAjBSSQjRPWgAYIp8tm,FALSE,spotify:track:5AsmAjBSSQjRPWgAYIp8tm,0.187,0.62,0.506,1.47E-05,0.102,-7.327,0.0312,126.015,0.275,41,285560,0.466346154,0.576452599,0.661861075,0.009112386,0.411288089,0.262367491,0.381874878
Tied Together with a Smile,31567495,33957,Taylor Swift,5eyZZoQEFQWRHkV2xgAeBw,24/10/2006,7,6K0CJLVXqbGMeJSmJ4ENKK,FALSE,spotify:track:6K0CJLVXqbGMeJSmJ4ENKK,0.525,0.479,0.578,0,0.0841,-4.963,0.0294,146.165,0.192,59,248106,0.552884615,0.360856269,0.809398989,0.007087411,0.554377543,0.170715548,0.311176674
Teardrops on My Guitar - Pop Version,31513334,34712,Taylor Swift,5eyZZoQEFQWRHkV2xgAeBw,24/10/2006,15,4pJi1rVt9GNegU9kywjg4z,FALSE,spotify:track:4pJi1rVt9GNegU9kywjg4z,0.0402,0.459,0.753,0,0.0863,-3.827,0.0537,199.997,0.483,57,179066,0.763221154,0.330275229,0.880297073,0.03442457,0.936650073,0.49204947,0.180856707
Tell Me Why,30911086,8471,Fearless,5eyZZoQEFQ34gergerhrh,11/11/2008,8,3rnI1UCyGJvUTVvT97VQr5,FALSE,spotify:track:3rnI1UCyGJvUTVvT97VQr5,0.0571,0.604,0.855,3.65E-06,0.343,-3.097,0.038,99.96,0.51,45,200546,0.885817308,0.551987768,0.925856581,0.01676229,0.226265969,0.521863958,0.221402374
The Outside,28233133,35331,Taylor Swift,5eyZZoQEFQWRHkV2xgAeBw,24/10/2006,6,2QA3IixpRcKyOdG7XDzRgv,FALSE,spotify:track:2QA3IixpRcKyOdG7XDzRgv,0.00491,0.589,0.805,0,0.24,-4.055,0.0293,112.982,0.591,59,207106,0.825721154,0.529051988,0.866067528,0.006974913,0.318737972,0.61130742,0.233785036
Forever & Always - Piano Version,26886858,6040,Fearless,5eyZZoQEFQ34gergerhrh,11/11/2008,3,46HGgtwmmuEB8mvDCyjyAc,FALSE,spotify:track:46HGgtwmmuEB8mvDCyjyAc,0.852,0.592,0.16,0,0.116,-10.785,0.0347,118.929,0.294,45,267506,0.050480769,0.533639144,0.446046308,0.013049837,0.36096889,0.283348057,0.347796132
Change,26569208,7531,Fearless,5eyZZoQEFQ34gergerhrh,11/11/2008,13,1yACRKAwlXWhXXFUSkvzhD,FALSE,spotify:track:1yACRKAwlXWhXXFUSkvzhD,0.00408,0.541,0.77,0,0.117,-4.17,0.0354,96.013,0.215,43,280240,0.783653846,0.455657492,0.858890345,0.013837327,0.198237479,0.196113074,0.371832842
Superman,25326116,5530,Speak Now,34htrbhergrgerhrh,25/10/2010,17,2R7C9dDqv1UPycvepBFziA,FALSE,spotify:track:2R7C9dDqv1UPycvepBFziA,0.0268,0.582,0.765,1.95E-06,0.103,-3.648,0.0324,131.982,0.559,45,275960,0.777644231,0.518348624,0.891468514,0.010462369,0.453661031,0.575971731,0.36375391
Jump Then Fall,25096940,6653,Fearless,5eyZZoQEFQ34gergerhrh,11/11/2008,1,08gavXombT6KR0af88i9tA,FALSE,spotify:track:08gavXombT6KR0af88i9tA,0.111,0.618,0.687,0,0.0693,-5.737,0.0271,79.991,0.82,45,237066,0.683894231,0.573394495,0.761093428,0.004499944,0.084461835,0.864178445,0.29033756
A Perfectly Good Heart,24278760,26557,Taylor Swift,5eyZZoQEFQWRHkV2xgAeBw,24/10/2006,14,1spLfUJxtyVyiKKTegQ2r4,FALSE,spotify:track:1spLfUJxtyVyiKKTegQ2r4,0.00349,0.483,0.751,0,0.128,-5.726,0.0365,156.092,0.268,57,220146,0.760817308,0.366972477,0.761779941,0.015074812,0.624871291,0.254637809,0.258399352
Haunted - Acoustic Version,23685966,10764,Speak Now,34htrbhergrgerhrh,25/10/2010,19,62rlxI6g2PNaWsHoiRryto,FALSE,spotify:track:62rlxI6g2PNaWsHoiRryto,0.842,0.563,0.443,0,0.293,-5.078,0.0247,80.962,0.313,49,217613,0.390625,0.489296636,0.802221806,0.001799978,0.091357113,0.304328622,0.253618059
State Of Grace - Acoustic,23662128,3173,Red,523543fewrgQEFQ34gergerhrh,22/10/2012,22,5G9AVKld9q7DCrmoY42raf,FALSE,spotify:track:5G9AVKld9q7DCrmoY42raf,0.664,0.626,0.118,0.000169,0.127,-15.91,0.0305,105.597,0.0682,40,323080,0,0.585626911,0.126193597,0.008324896,0.26629551,0.034010601,0.452697665
Girl At Home,22822264,3147,Red,523543fewrgQEFQ34gergerhrh,22/10/2012,19,6cf6rLb8qcklvJv90W6HCW,FALSE,spotify:track:6cf6rLb8qcklvJv90W6HCW,0.272,0.733,0.59,0,0.136,-5.86,0.0284,125.048,0.633,39,220320,0.567307692,0.749235474,0.753416963,0.005962425,0.404421216,0.657685512,0.258727795
Untouchable,22324250,7084,Fearless,5eyZZoQEFQ34gergerhrh,11/11/2008,2,2IZ00ed83ygPIiacYScWUE,FALSE,spotify:track:2IZ00ed83ygPIiacYScWUE,0.0583,0.419,0.454,3.78E-06,0.0974,-6.809,0.0335,200.017,0.288,45,311040,0.403846154,0.26911315,0.694189602,0.011699854,0.936792098,0.276722615,0.42997095
Red - Original Demo Recording,17435415,2926,Red,523543fewrgQEFQ34gergerhrh,22/10/2012,21,4mqgn90sCeVSYqcoftTQTd,FALSE,spotify:track:4mqgn90sCeVSYqcoftTQTd,0.113,0.678,0.902,0.000235,0.0722,-4.659,0.0358,124.998,0.637,38,226280,0.942307692,0.665137615,0.828371716,0.014287321,0.404066155,0.662102473,0.269977896
Come In With The Rain,16501786,5171,Fearless,5eyZZoQEFQ34gergerhrh,11/11/2008,4,4pl5zcqCv4vc3cB7M4MZ6f,FALSE,spotify:track:4pl5zcqCv4vc3cB7M4MZ6f,0.0868,0.527,0.475,4.34E-06,0.248,-6.205,0.0258,143.962,0.224,44,238106,0.429086538,0.434250765,0.731885415,0.003037462,0.53873357,0.206051237,0.292300665
Treacherous - Original Demo Recording,16466840,2093,Red,523543fewrgQEFQ34gergerhrh,22/10/2012,20,7BT9K9BDqq6HI2oWH5UMZQ,FALSE,spotify:track:7BT9K9BDqq6HI2oWH5UMZQ,0.175,0.828,0.64,6.14E-05,0.0996,-8.248,0.0355,109.993,0.519,37,239720,0.627403846,0.894495413,0.604381202,0.013949826,0.297512445,0.53180212,0.295347253
The Other Side Of The Door,14734191,5161,Fearless,5eyZZoQEFQ34gergerhrh,11/11/2008,6,0xvsgzM8AtBtRHZm5rav8A,FALSE,spotify:track:0xvsgzM8AtBtRHZm5rav8A,0.169,0.476,0.816,0,0.238,-4.279,0.0347,163.847,0.469,44,237600,0.838942308,0.356269113,0.852087624,0.013049837,0.679941202,0.476590106,0.291345539
SuperStar,13602295,4275,Fearless,5eyZZoQEFQ34gergerhrh,11/11/2008,5,14Bljc3pOOG0xQX3wqhLN9,FALSE,spotify:track:14Bljc3pOOG0xQX3wqhLN9,0.367,0.61,0.531,0,0.351,-6.123,0.0239,85.979,0.228,42,261453,0.496394231,0.56116208,0.737003058,0.000899989,0.126983902,0.210468198,0.336370483
